Referencia Bancaria;Fecha De La Orden;Métodos De Pago;Pago Previo $;Tasa Bs/$;Pago Previo Bs;Order Id
72976143;1/1/2026;megasoft;$14.40;301,37; 4.339,73 ;18325521
72976143;1/1/2026;InstantDebit;$14.04;301,37; 4.231,23 ;18325768
72976143;1/1/2026;megasoft;$16.82;301,37; 5.069,07 ;18325626
3565947;1/1/2026;CreditsPagoMovilV2;$7.73;301,37; 2.328,99 ;18323513
3565947;1/1/2026;CreditsPagoMovilV2;$266.22;301,37; 80.230,72 ;18325610
72976143;1/1/2026;InstantDebit;$19.81;301,37; 5.969,84 ;18323923
3565947;1/1/2026;CreditsPagoMovilV2;$8.50;301,37; 2.560,44 ;18324967
3565947;1/1/2026;CreditsPagoMovilV2;$4.29;301,37; 1.292,88 ;18324920
3565947;1/1/2026;CreditsPagoMovilV2;$3.67;301,37; 1.106,63 ;18325228
72976143;1/1/2026;InstantDebit;$5.40;301,37; 1.626,49 ;18324777
3567969;2/1/2026;CreditsPagoMovilV2;$18.86;301,37; 5.685,04 ;18329270
73984115;2/1/2026;megasoft;$5.20;301,37; 1.567,12 ;18329844
73984115;2/1/2026;megasoft;$4.05;301,37; 1.220,55 ;18330551
73984115;2/1/2026;InstantDebit;$3.18;301,37; 957,45 ;18328476
73984115;2/1/2026;InstantDebit;$13.50;301,37; 4.068,49 ;18328235
73984115;2/1/2026;megasoft;$4.05;301,37; 1.220,55 ;18331561
73984115;2/1/2026;InstantDebit;$7.36;301,37; 2.219,59 ;18328541
73984115;2/1/2026;megasoft;$2.55;301,37; 768,49 ;18329515
73984115;2/1/2026;megasoft;$21.07;301,37; 6.349,56 ;18326727
73984115;2/1/2026;megasoft;$4.47;301,37; 1.346,22 ;18331979
3570366;3/1/2026;CreditsPagoMovilV2;$9.72;301,37; 2.929,32 ;18332022
73984115;3/1/2026;punto_de_venta;$1.99;301,37; 599,73 ;18331977
3570366;3/1/2026;CreditsPagoMovilV2;$7.02;301,37; 2.115,62 ;18332054
3570366;3/1/2026;CreditsPagoMovilV2;$4.20;301,37; 1.266,66 ;18332068
74356320;5/1/2026;InstantDebit;$4.19;304,68; 1.276,00 ;18335260
3591334;13/1/2026;CreditsPagoMovilV2;$7.04;330,38; 2.325,88 ;18378069
78266131;13/1/2026;punto_de_venta;$1.80;330,38; 594,68 ;18377384
3594766;14/1/2026;CreditsPagoMovilV2;$10.61;336,46; 3.570,18 ;18384682
78738006;14/1/2026;InstantDebit;$10.14;336,46; 3.411,70 ;18383174
78738006;14/1/2026;InstantDebit;$0.26;336,46; 87,48 ;18384639
78738006;14/1/2026;punto_de_venta;$6.64;336,46; 2.234,09 ;18384004
78738006;14/1/2026;InstantDebit;$14.96;336,46; 5.033,44 ;18381139
3594766;14/1/2026;CreditsPagoMovilV2;$17.55;336,46; 5.904,87 ;18383650
78738006;14/1/2026;megasoft;$12.12;336,46; 4.078,90 ;18380117
3598111;15/1/2026;CreditsPagoMovilV2;$16.07;339,15; 5.450,14 ;18389757
79259824;15/1/2026;megasoft;$67.50;339,15; 22.892,63 ;18385139
3598111;15/1/2026;CreditsPagoMovilV2;$10.80;339,15; 3.662,82 ;18390609
79259824;15/1/2026;punto_de_venta;$6.75;339,15; 2.289,26 ;18390835
79259824;15/1/2026;megasoft;$9.72;339,15; 3.296,54 ;18385217
79259824;15/1/2026;megasoft;$3.70;339,15; 1.254,52 ;18390831
79259824;15/1/2026;megasoft;$25.65;339,15; 8.699,20 ;18387332
3598111;15/1/2026;CreditsPagoMovilV2;$14.72;339,15; 4.993,64 ;18388999
3598111;15/1/2026;CreditsPagoMovilV2;$13.45;339,15; 4.563,26 ;18385112
81203762;16/1/2026;megasoft;$38.77;341,74; 13.249,94 ;18395957
3601195;16/1/2026;CreditsPagoMovilV2;$26.10;341,74; 8.919,41 ;18394082
81203762;16/1/2026;megasoft;$11.70;339,15; 3.968,05 ;18390871
3601195;16/1/2026;CreditsPagoMovilV2;$6.08;341,74; 2.079,15 ;18397983
3601195;16/1/2026;CreditsPagoMovilV2;$5.04;341,74; 1.722,37 ;18390976
81203762;16/1/2026;InstantDebit;$8.64;341,74; 2.952,63 ;18394300
81203762;16/1/2026;InstantDebit;$6.19;341,74; 2.116,05 ;18398281
3601195;16/1/2026;CreditsPagoMovilV2;$39.87;341,74; 13.625,17 ;18393808
81203762;16/1/2026;InstantDebit;$15.27;341,74; 5.219,40 ;18391760
3604921;17/1/2026;CreditsPagoMovilV2;$6.30;344,51; 2.170,41 ;18405233
3604921;17/1/2026;CreditsPagoMovilV2;$5.85;344,51; 2.015,38 ;18405570
81203762;17/1/2026;punto_de_venta;$3.88;344,51; 1.336,70 ;18402637
81203762;17/1/2026;InstantDebit;$8.68;344,51; 2.988,97 ;18404165
3604921;17/1/2026;CreditsPagoMovilV2;$2.70;344,51; 930,18 ;18402191
81203762;17/1/2026;InstantDebit;$8.95;344,51; 3.081,99 ;18402373
81203762;17/1/2026;megasoft;$6.54;344,51; 2.254,13 ;18405274
3604921;17/1/2026;CreditsPagoMovilV2;$7.38;344,51; 2.542,48 ;18403741
3604921;17/1/2026;CreditsPagoMovilV2;$18.90;344,51; 6.511,24 ;18405075
3604921;17/1/2026;CreditsPagoMovilV2;$3.90;344,51; 1.342,56 ;18403257
3604921;17/1/2026;CreditsPagoMovilV2;$10.17;344,51; 3.503,67 ;18404119
81203762;17/1/2026;megasoft;$4.86;344,51; 1.674,32 ;18405442
81203762;18/1/2026;InstantDebit;$4.59;344,51; 1.581,30 ;18411764
3605412;18/1/2026;CreditsPagoMovilV2;$36.54;344,51; 12.588,40 ;18411231
81203762;18/1/2026;InstantDebit;$14.12;344,51; 4.864,83 ;18408283
81203762;18/1/2026;InstantDebit;$2.07;344,51; 713,14 ;18407075
3605412;18/1/2026;CreditsPagoMovilV2;$22.55;344,51; 7.766,98 ;18406116
3605412;18/1/2026;CreditsPagoMovilV2;$4.05;344,51; 1.395,27 ;18406920
81203762;18/1/2026;InstantDebit;$9.45;344,51; 3.255,62 ;18411004
81203762;18/1/2026;InstantDebit;$6.12;344,51; 2.108,40 ;18411927
81203762;18/1/2026;InstantDebit;$5.40;344,51; 1.860,35 ;18406957
3605412;18/1/2026;CreditsPagoMovilV2;$8.10;344,51; 2.790,53 ;18411724
81203762;18/1/2026;InstantDebit;$3.24;344,51; 1.116,21 ;18411293
3607945;19/1/2026;CreditsPagoMovilV2;$13.50;344,51; 4.650,89 ;18415936
81203762;19/1/2026;InstantDebit;$2.70;344,51; 930,18 ;18415744
81203762;19/1/2026;InstantDebit;$17.65;344,51; 6.080,26 ;18415470
81203762;19/1/2026;megasoft;$5.48;344,51; 1.888,26 ;18412042
81203762;19/1/2026;megasoft;$11.84;344,51; 4.077,28 ;18413718
3610673;20/1/2026;CreditsPagoMovilV2;$1.44;344,51; 496,09 ;18420605
81669180;20/1/2026;punto_de_venta;$22.24;344,51; 7.661,56 ;18420820
81669180;20/1/2026;InstantDebit;$11.43;344,51; 3.937,75 ;18417962
81669180;20/1/2026;InstantDebit;$7.33;344,51; 2.523,88 ;18420992
81669180;20/1/2026;megasoft;$8.55;344,51; 2.945,56 ;18418267
3610673;20/1/2026;CreditsPagoMovilV2;$1.35;344,51; 465,09 ;18416249
82145112;21/1/2026;InstantDebit;$1.44;347,26; 500,05 ;18427117
3614015;21/1/2026;CreditsPagoMovilV2;$13.50;347,26; 4.688,01 ;18427023
82633483;22/1/2026;InstantDebit;$68.77;349,93; 24.064,34 ;18432007
82633483;22/1/2026;InstantDebit;$7.20;349,93; 2.519,50 ;18431719
82633483;22/1/2026;InstantDebit;$4.12;349,93; 1.441,71 ;18429882
82633483;22/1/2026;InstantDebit;$14.57;349,93; 5.098,83 ;18431529
84081001;23/1/2026;punto_de_venta;$14.40;352,71; 5.079,02 ;18432330
84081001;23/1/2026;megasoft;$17.64;352,71; 6.221,80 ;18432072
84081001;23/1/2026;InstantDebit;$3.96;352,71; 1.396,73 ;18438031
3619483;23/1/2026;CreditsPagoMovilV2;$7.99;352,71; 2.818,86 ;18438462
3619483;23/1/2026;CreditsPagoMovilV2;$22.50;352,71; 7.935,97 ;18438712
84081001;23/1/2026;megasoft;$11.51;352,71; 4.060,04 ;18438247
84081001;23/1/2026;InstantDebit;$9.31;352,71; 3.282,32 ;18433850
3619483;23/1/2026;CreditsPagoMovilV2;$73.59;352,71; 25.956,99 ;18438174
3619483;23/1/2026;CreditsPagoMovilV2;$3.42;352,71; 1.206,27 ;18436252
84081001;23/1/2026;InstantDebit;$16.92;352,71; 5.967,85 ;18436080
84081001;23/1/2026;InstantDebit;$9.00;352,71; 3.174,39 ;18437635
3619483;23/1/2026;CreditsPagoMovilV2;$8.74;352,71; 3.082,33 ;18437644
84081001;24/1/2026;InstantDebit;$5.94;355,55; 2.111,97 ;18442102
3623133;24/1/2026;CreditsPagoMovilV2;$18.79;355,55; 6.681,50 ;18444618
3623133;24/1/2026;CreditsPagoMovilV2;$3.42;355,55; 1.215,98 ;18443725
3623133;24/1/2026;CreditsPagoMovilV2;$32.40;355,55; 11.519,82 ;18443133
84081001;25/1/2026;megasoft;$24.97;355,55; 8.879,86 ;18445397
3623713;25/1/2026;CreditsPagoMovilV2;$3.01;355,55; 1.071,98 ;18451090
3623713;25/1/2026;CreditsPagoMovilV2;$2.25;355,55; 799,99 ;18450226
3626321;26/1/2026;CreditsPagoMovilV2;$8.23;355,55; 2.927,95 ;18452548
84509255;26/1/2026;megasoft;$12.16;355,55; 4.323,13 ;18453084
3626321;26/1/2026;CreditsPagoMovilV2;$26.07;355,55; 9.270,26 ;18452543
3628793;27/1/2026;CreditsPagoMovilV2;$13.46;358,92; 4.832,50 ;18459750
3631939;28/1/2026;CreditsPagoMovilV2;$6.52;361,49; 2.358,72 ;18463096
3631939;28/1/2026;CreditsPagoMovilV2;$4.48;361,49; 1.620,20 ;18462913
85492954;28/1/2026;InstantDebit;$18.47;361,49; 6.676,00 ;18464282
85492954;28/1/2026;megasoft;$10.01;361,49; 3.617,79 ;18464284
3631939;28/1/2026;CreditsPagoMovilV2;$5.67;361,49; 2.049,65 ;18460963
86000044;29/1/2026;InstantDebit;$7.56;363,66; 2.749,27 ;18466933
86000044;29/1/2026;InstantDebit;$12.10;363,66; 4.398,83 ;18469653
86000044;29/1/2026;megasoft;$8.76;363,66; 3.184,57 ;18466579
86000044;29/1/2026;megasoft;$34.46;363,66; 12.531,80 ;18464956
87479463;30/1/2026;InstantDebit;$4.32;367,31; 1.586,78 ;18477280
3638833;30/1/2026;CreditsPagoMovilV2;$12.40;367,31; 4.555,38 ;18475962
87479463;30/1/2026;megasoft;$4.82;367,31; 1.771,90 ;18475594
87479463;30/1/2026;megasoft;$4.86;367,31; 1.785,13 ;18470952
3638833;30/1/2026;CreditsPagoMovilV2;$5.53;367,31; 2.033,06 ;18476524
87479463;31/1/2026;punto_de_venta;$3.21;370,25; 1.189,61 ;18482931
87479463;31/1/2026;megasoft;$19.62;370,25; 7.264,31 ;18483796
87479463;31/1/2026;megasoft;$10.39;370,25; 3.846,93 ;18484868
87479463;31/1/2026;InstantDebit;$6.78;370,25; 2.510,30 ;18478455
87479463;31/1/2026;punto_de_venta;$3.96;370,25; 1.466,19 ;18478651
3643333;31/1/2026;CreditsPagoMovilV2;$13.52;370,25; 5.005,04 ;18484886
3643333;31/1/2026;CreditsPagoMovilV2;$4.14;370,25; 1.532,83 ;18480318
87479463;31/1/2026;InstantDebit;$11.88;370,25; 4.398,57 ;18478214
3644003;1/2/2026;CreditsPagoMovilV2;$5.27;370,25; 1.949,37 ;18490288
3644003;1/2/2026;CreditsPagoMovilV2;$9.21;370,25; 3.408,89 ;18488899
87479463;1/2/2026;InstantDebit;$8.10;370,25; 2.999,03 ;18491114
87479463;1/2/2026;megasoft;$18.91;370,25; 7.001,06 ;18489215
87479463;1/2/2026;megasoft;$7.11;370,25; 2.632,48 ;18491668
87479463;1/2/2026;InstantDebit;$1.62;370,25; 599,81 ;18489507
3644003;1/2/2026;CreditsPagoMovilV2;$1.04;370,25; 383,21 ;18485019
3644003;1/2/2026;CreditsPagoMovilV2;$14.76;370,25; 5.464,89 ;18488723
3644003;1/2/2026;CreditsPagoMovilV2;$36.54;370,25; 13.528,93 ;18491598
87930996;2/2/2026;megasoft;$6.84;370,25; 2.532,51 ;18493947
87930996;2/2/2026;megasoft;$28.46;370,25; 10.536,57 ;18495166
87930996;2/2/2026;megasoft;$0.44;370,25; 162,91 ;18492744
3647372;2/2/2026;CreditsPagoMovilV2;$9.00;370,25; 3.332,25 ;18495588
3649841;3/2/2026;CreditsPagoMovilV2;$7.20;372,11; 2.679,19 ;18499317
3649841;3/2/2026;CreditsPagoMovilV2;$3.01;372,11; 1.118,56 ;18496313
3649841;3/2/2026;CreditsPagoMovilV2;$9.00;372,11; 3.348,99 ;18496216
88406015;3/2/2026;megasoft;$15.31;372,11; 5.696,63 ;18500490
3649841;3/2/2026;CreditsPagoMovilV2;$1.35;372,11; 502,35 ;18497619
3649841;3/2/2026;CreditsPagoMovilV2;$9.60;372,11; 3.573,37 ;18500216
88406015;3/2/2026;InstantDebit;$4.89;372,11; 1.819,62 ;18498657
88871585;4/2/2026;InstantDebit;$19.58;375,08; 7.345,57 ;18505756
3653484;4/2/2026;CreditsPagoMovilV2;$2.52;375,08; 945,20 ;18502968
3653484;4/2/2026;CreditsPagoMovilV2;$3.87;375,08; 1.451,56 ;18505669
3653484;4/2/2026;CreditsPagoMovilV2;$14.53;375,08; 5.448,41 ;18505739
89363251;5/2/2026;punto_de_venta;$3.60;378,46; 1.362,46 ;18510581
3656100;5/2/2026;CreditsPagoMovilV2;$1.35;378,46; 510,92 ;18508814
3656100;5/2/2026;CreditsPagoMovilV2;$3.21;378,46; 1.215,99 ;18508884
89363251;5/2/2026;InstantDebit;$26.64;378,46; 10.082,17 ;18505796
90802860;6/2/2026;megasoft;$7.46;381,11; 2.843,46 ;18516712
90802860;6/2/2026;InstantDebit;$8.77;381,11; 3.344,24 ;18518007
90802860;6/2/2026;InstantDebit;$3.42;381,11; 1.303,40 ;18511468
90802860;6/2/2026;punto_de_venta;$7.20;381,11; 2.743,99 ;18517703
90802860;6/2/2026;InstantDebit;$1.35;381,11; 514,50 ;18510888
3659100;6/2/2026;CreditsPagoMovilV2;$3.60;381,11; 1.372,00 ;18517782
90802860;7/2/2026;megasoft;$13.52;382,63; 5.172,39 ;18521482
90802860;7/2/2026;InstantDebit;$2.70;382,63; 1.033,10 ;18525016
3662930;7/2/2026;CreditsPagoMovilV2;$6.66;381,11; 2.538,19 ;18518023
90802860;7/2/2026;punto_de_venta;$15.66;382,63; 5.991,99 ;18524921
3662930;7/2/2026;CreditsPagoMovilV2;$3.85;382,63; 1.473,13 ;18523060
90802860;7/2/2026;InstantDebit;$3.96;382,63; 1.515,21 ;18523952
90802860;7/2/2026;InstantDebit;$3.21;382,63; 1.229,39 ;18525051
3662930;7/2/2026;CreditsPagoMovilV2;$8.36;382,63; 3.199,17 ;18524397
90802860;7/2/2026;InstantDebit;$5.02;382,63; 1.920,80 ;18524986
90802860;8/2/2026;InstantDebit;$36.54;382,63; 13.981,30 ;18531850
90802860;8/2/2026;megasoft;$3.60;382,63; 1.377,47 ;18531925
90802860;8/2/2026;punto_de_venta;$7.07;382,63; 2.706,72 ;18525065
3663551;8/2/2026;CreditsPagoMovilV2;$7.65;382,63; 2.927,12 ;18532274
90802860;8/2/2026;InstantDebit;$6.75;382,63; 2.582,75 ;18529685
90802860;8/2/2026;megasoft;$9.00;382,63; 3.443,67 ;18525129
90802860;8/2/2026;InstantDebit;$24.89;382,63; 9.525,19 ;18532084
3663551;8/2/2026;CreditsPagoMovilV2;$9.00;382,63; 3.443,67 ;18532255
3663551;8/2/2026;CreditsPagoMovilV2;$9.00;382,63; 3.443,67 ;18531265
90802860;8/2/2026;InstantDebit;$14.49;382,63; 5.544,31 ;18529070
90802860;8/2/2026;InstantDebit;$4.77;382,63; 1.825,15 ;18528301
91224902;9/2/2026;InstantDebit;$5.33;382,63; 2.038,65 ;18535559
3666328;9/2/2026;CreditsPagoMovilV2;$7.20;382,63; 2.754,94 ;18533439
91224902;9/2/2026;punto_de_venta;$7.20;382,63; 2.754,94 ;18532384
91224902;9/2/2026;InstantDebit;$9.93;382,63; 3.798,37 ;18536342
91224902;9/2/2026;InstantDebit;$1.62;382,63; 619,86 ;18536379
91224902;9/2/2026;megasoft;$14.40;382,63; 5.509,87 ;18536423
3669108;10/2/2026;CreditsPagoMovilV2;$3.82;385,27; 1.471,73 ;18541282
3669108;10/2/2026;CreditsPagoMovilV2;$7.87;385,27; 3.034,00 ;18538784
3672739;11/2/2026;CreditsPagoMovilV2;$38.27;388,74; 14.876,30 ;18546176
3672739;11/2/2026;CreditsPagoMovilV2;$19.84;388,74; 7.711,05 ;18545124
3672739;11/2/2026;CreditsPagoMovilV2;$37.07;388,74; 14.410,98 ;18546037
3675664;12/2/2026;CreditsPagoMovilV2;$19.79;390,29; 7.724,23 ;18548964
3679945;13/2/2026;CreditsPagoMovilV2;$3.96;393,22; 1.557,15 ;18559425
95362322;13/2/2026;megasoft;$14.52;393,22; 5.709,59 ;18559081
95362322;13/2/2026;punto_de_venta;$11.34;393,22; 4.459,11 ;18556450
3679945;13/2/2026;CreditsPagoMovilV2;$5.85;393,22; 2.300,34 ;18559325
95362322;13/2/2026;megasoft;$8.73;393,22; 3.432,81 ;18556899
95362322;13/2/2026;InstantDebit;$17.55;393,22; 6.901,01 ;18557252
3679945;13/2/2026;CreditsPagoMovilV2;$18.00;393,22; 7.077,96 ;18559371
3679945;13/2/2026;CreditsPagoMovilV2;$7.16;393,22; 2.813,49 ;18556914
3679945;13/2/2026;CreditsPagoMovilV2;$6.48;393,22; 2.548,07 ;18556481
3679945;13/2/2026;CreditsPagoMovilV2;$9.89;393,22; 3.889,34 ;18559303
95362322;14/2/2026;punto_de_venta;$9.00;396,37; 3.567,33 ;18569012
95362322;14/2/2026;InstantDebit;$5.61;396,37; 2.223,64 ;18563811
3683902;14/2/2026;CreditsPagoMovilV2;$1.62;396,37; 642,12 ;18560062
3683902;14/2/2026;CreditsPagoMovilV2;$6.42;396,37; 2.543,51 ;18568733
3683902;14/2/2026;CreditsPagoMovilV2;$23.40;396,37; 9.275,06 ;18569074
95362322;14/2/2026;InstantDebit;$2.92;396,37; 1.155,81 ;18560409
3683902;14/2/2026;CreditsPagoMovilV2;$14.42;396,37; 5.714,86 ;18569014
3683902;14/2/2026;CreditsPagoMovilV2;$9.00;396,37; 3.567,33 ;18568110
3683902;14/2/2026;CreditsPagoMovilV2;$19.59;396,37; 7.766,08 ;18559934
3683902;14/2/2026;CreditsPagoMovilV2;$3.60;393,22; 1.415,59 ;18559597
95362322;15/2/2026;megasoft;$9.36;396,37; 3.710,02 ;18575412
3684431;15/2/2026;CreditsPagoMovilV2;$1.35;396,37; 535,10 ;18575496
95362322;15/2/2026;InstantDebit;$12.07;396,37; 4.783,79 ;18569706
3684431;15/2/2026;CreditsPagoMovilV2;$11.14;396,37; 4.415,56 ;18575401
3684431;15/2/2026;CreditsPagoMovilV2;$3.60;396,37; 1.426,93 ;18569586
95362322;15/2/2026;InstantDebit;$2.14;396,37; 849,02 ;18569803
3684431;15/2/2026;CreditsPagoMovilV2;$3.41;396,37; 1.352,02 ;18574349
95362322;15/2/2026;punto_de_venta;$6.43;396,37; 2.550,64 ;18569382
95362322;15/2/2026;InstantDebit;$13.52;396,37; 5.358,13 ;18574976
95362322;15/2/2026;InstantDebit;$6.84;396,37; 2.711,17 ;18569177
95362322;15/2/2026;InstantDebit;$18.36;396,37; 7.277,35 ;18574733
95362322;15/2/2026;InstantDebit;$14.17;396,37; 5.618,54 ;18575027
95362322;15/2/2026;megasoft;$7.21;396,37; 2.857,83 ;18574687
3684431;15/2/2026;CreditsPagoMovilV2;$45.64;396,37; 18.089,93 ;18574883
3686186;16/2/2026;CreditsPagoMovilV2;$9.25;396,37; 3.667,22 ;18580805
3686186;16/2/2026;CreditsPagoMovilV2;$7.74;396,37; 3.067,90 ;18580744
95362322;17/2/2026;punto_de_venta;$18.69;396,37; 7.409,34 ;18583305
3688399;17/2/2026;CreditsPagoMovilV2;$34.90;396,37; 13.834,11 ;18582331
95838330;18/2/2026;InstantDebit;$5.40;396,37; 2.140,40 ;18591488
95838330;18/2/2026;InstantDebit;$10.62;396,37; 4.209,45 ;18591940
3691243;18/2/2026;CreditsPagoMovilV2;$3.60;396,37; 1.426,93 ;18591919
96338948;19/2/2026;megasoft;$9.48;398,75; 3.778,95 ;18593512
3695031;19/2/2026;CreditsPagoMovilV2;$3.72;398,75; 1.482,15 ;18598152
3695031;19/2/2026;CreditsPagoMovilV2;$5.20;398,75; 2.074,30 ;18598074
3695031;19/2/2026;CreditsPagoMovilV2;$1.35;398,75; 538,31 ;18595185
3695031;19/2/2026;CreditsPagoMovilV2;$3.60;398,75; 1.435,50 ;18597358
97835407;20/2/2026;InstantDebit;$3.00;402,33; 1.206,99 ;18600857
3698164;20/2/2026;CreditsPagoMovilV2;$3.42;402,33; 1.375,97 ;18601075
97835407;20/2/2026;InstantDebit;$26.10;402,33; 10.500,81 ;18604389
3698164;20/2/2026;CreditsPagoMovilV2;$4.03;402,33; 1.621,39 ;18600264
97835407;20/2/2026;megasoft;$3.08;402,33; 1.238,37 ;18604429
97835407;20/2/2026;megasoft;$96.79;402,33; 38.939,91 ;18602049
97835407;20/2/2026;megasoft;$2.52;402,33; 1.013,87 ;18598387
3698164;20/2/2026;CreditsPagoMovilV2;$13.39;402,33; 5.388,00 ;18604420
3698164;20/2/2026;CreditsPagoMovilV2;$3.60;402,33; 1.448,39 ;18604337
97835407;20/2/2026;megasoft;$21.60;402,33; 8.690,33 ;18604469
3698164;20/2/2026;CreditsPagoMovilV2;$9.12;402,33; 3.668,04 ;18603448
3698164;20/2/2026;CreditsPagoMovilV2;$13.68;402,33; 5.503,87 ;18605129
97835407;20/2/2026;InstantDebit;$7.78;402,33; 3.128,52 ;18603927
97835407;20/2/2026;megasoft;$15.52;402,33; 6.246,17 ;18604028
3702492;21/2/2026;CreditsPagoMovilV2;$15.34;405,35; 6.216,45 ;18612176
3702492;21/2/2026;CreditsPagoMovilV2;$14.40;405,35; 5.837,04 ;18609415
97835407;21/2/2026;InstantDebit;$6.83;405,35; 2.768,95 ;18607796
97835407;21/2/2026;megasoft;$16.01;405,35; 6.490,06 ;18606042
97835407;21/2/2026;megasoft;$3.78;405,35; 1.532,22 ;18608176
97835407;21/2/2026;InstantDebit;$9.69;405,35; 3.929,06 ;18610920
3702492;21/2/2026;CreditsPagoMovilV2;$5.94;405,35; 2.407,78 ;18612068
97835407;21/2/2026;megasoft;$10.22;405,35; 4.142,72 ;18611585
97835407;21/2/2026;InstantDebit;$6.00;405,35; 2.432,10 ;18611113
3703052;22/2/2026;CreditsPagoMovilV2;$3.60;405,35; 1.459,26 ;18618692
97835407;22/2/2026;megasoft;$2.70;405,35; 1.094,45 ;18614303
97835407;22/2/2026;punto_de_venta;$3.60;405,35; 1.459,26 ;18616264
97835407;22/2/2026;megasoft;$20.70;405,35; 8.390,75 ;18612369
97835407;22/2/2026;megasoft;$19.74;405,35; 8.000,39 ;18617645
97835407;22/2/2026;megasoft;$6.77;405,35; 2.743,41 ;18613750
97835407;22/2/2026;megasoft;$12.38;405,35; 5.016,21 ;18613011
97835407;22/2/2026;punto_de_venta;$11.16;405,35; 4.523,71 ;18618732
97835407;22/2/2026;InstantDebit;$9.00;405,35; 3.648,15 ;18618697
3703052;22/2/2026;CreditsPagoMovilV2;$8.19;405,35; 3.319,82 ;18618950
98305172;23/2/2026;punto_de_venta;$3.60;405,35; 1.459,26 ;18623019
3705535;23/2/2026;CreditsPagoMovilV2;$8.44;405,35; 3.421,96 ;18623050
3705535;23/2/2026;CreditsPagoMovilV2;$7.20;405,35; 2.918,52 ;18622328
98305172;23/2/2026;megasoft;$2.62;405,35; 1.061,61 ;18622834
98305172;23/2/2026;InstantDebit;$7.56;405,35; 3.065,66 ;18622996
98305172;23/2/2026;punto_de_venta;$14.40;405,35; 5.837,04 ;18620330
98305172;23/2/2026;InstantDebit;$1.44;405,35; 583,70 ;18620380
98305172;23/2/2026;InstantDebit;$9.18;405,35; 3.721,11 ;18623222
3705535;23/2/2026;CreditsPagoMovilV2;$11.75;405,35; 4.760,84 ;18619311
98305172;23/2/2026;InstantDebit;$2.12;405,35; 857,32 ;18622066
3708269;24/2/2026;CreditsPagoMovilV2;$5.31;407,38; 2.163,19 ;18626834
3708269;24/2/2026;CreditsPagoMovilV2;$3.44;407,38; 1.401,79 ;18623477
98782260;24/2/2026;InstantDebit;$1.49;407,38; 604,96 ;18623419
98782260;24/2/2026;InstantDebit;$18.91;407,38; 7.703,15 ;18627629
98782260;24/2/2026;megasoft;$3.60;407,38; 1.466,57 ;18628388
3708269;24/2/2026;CreditsPagoMovilV2;$1.35;407,38; 549,96 ;18625155
3711617;25/2/2026;CreditsPagoMovilV2;$7.20;411,09; 2.959,85 ;18628857
3711617;25/2/2026;CreditsPagoMovilV2;$8.62;411,09; 3.544,42 ;18629578
3711617;25/2/2026;CreditsPagoMovilV2;$2.34;411,09; 961,95 ;18632792
3711617;25/2/2026;CreditsPagoMovilV2;$5.95;411,09; 2.444,34 ;18631444
3711617;25/2/2026;CreditsPagoMovilV2;$3.60;411,09; 1.479,92 ;18632763
3711617;25/2/2026;CreditsPagoMovilV2;$3.73;411,09; 1.535,42 ;18632702
3714856;26/2/2026;CreditsPagoMovilV2;$4.23;414,05; 1.750,19 ;18638076
3714856;26/2/2026;CreditsPagoMovilV2;$2.88;414,05; 1.192,46 ;18638722
3714856;26/2/2026;CreditsPagoMovilV2;$7.20;414,05; 2.981,16 ;18638887
3714856;26/2/2026;CreditsPagoMovilV2;$3.60;414,05; 1.490,58 ;18633438
3714856;26/2/2026;CreditsPagoMovilV2;$7.65;414,05; 3.167,48 ;18637042
1239369;27/2/2026;InstantDebit;$3.19;417,36; 1.329,71 ;18640381
3718358;27/2/2026;CreditsPagoMovilV2;$19.17;417,36; 8.000,79 ;18647071
1239369;27/2/2026;megasoft;$21.55;417,36; 8.992,44 ;18646329
1239369;27/2/2026;megasoft;$12.09;417,36; 5.044,63 ;18643615
1239369;27/2/2026;InstantDebit;$9.00;417,36; 3.756,24 ;18646846
1239369;27/2/2026;megasoft;$23.47;417,36; 9.796,27 ;18647031
1239369;27/2/2026;megasoft;$48.14;417,36; 20.092,13 ;18639031
1239369;27/2/2026;InstantDebit;$3.30;417,36; 1.377,29 ;18646133
3718358;27/2/2026;CreditsPagoMovilV2;$4.94;417,36; 2.062,18 ;18646178
1239369;27/2/2026;InstantDebit;$9.00;417,36; 3.756,24 ;18643772
3723067;28/2/2026;CreditsPagoMovilV2;$6.33;419,99; 2.657,28 ;18651909
1239369;28/2/2026;megasoft;$8.92;419,99; 3.746,31 ;18654037
1239369;28/2/2026;megasoft;$21.55;419,99; 9.049,10 ;18653496
3723067;28/2/2026;CreditsPagoMovilV2;$10.26;419,99; 4.307,84 ;18651474
3723067;28/2/2026;CreditsPagoMovilV2;$6.90;419,99; 2.897,93 ;18654373
1239369;28/2/2026;megasoft;$3.42;419,99; 1.436,37 ;18649677
1239369;28/2/2026;InstantDebit;$7.74;419,99; 3.249,46 ;18652892
1239369;28/2/2026;InstantDebit;$36.00;419,99; 15.119,64 ;18654169
1239369;28/2/2026;InstantDebit;$62.15;419,99; 26.104,06 ;18653337
1239369;28/2/2026;megasoft;$32.57;419,99; 13.679,49 ;18647858
1239369;28/2/2026;InstantDebit;$10.79;419,99; 4.532,11 ;18654936
3723829;1/3/2026;CreditsPagoMovilV2;$36.60;419,99; 15.372,89 ;18662223
1239369;1/3/2026;InstantDebit;$8.45;419,99; 3.548,92 ;18655089
3723829;1/3/2026;CreditsPagoMovilV2;$9.32;419,99; 3.915,99 ;18661717
3723829;1/3/2026;CreditsPagoMovilV2;$9.32;419,99; 3.915,99 ;18660535
1239369;1/3/2026;InstantDebit;$3.42;419,99; 1.436,37 ;18658147
1239369;1/3/2026;InstantDebit;$6.35;419,99; 2.667,36 ;18660504
1239369;1/3/2026;InstantDebit;$19.62;419,99; 8.240,20 ;18659195
1239369;1/3/2026;punto_de_venta;$7.38;419,99; 3.099,53 ;18659649
1681980;2/3/2026;InstantDebit;$3.69;419,99; 1.549,76 ;18666471
3726620;2/3/2026;CreditsPagoMovilV2;$6.10;419,99; 2.561,94 ;18666542
3726620;2/3/2026;CreditsPagoMovilV2;$2.61;419,99; 1.096,17 ;18662571
3726620;2/3/2026;CreditsPagoMovilV2;$7.20;419,99; 3.023,93 ;18666971
2107561;3/3/2026;InstantDebit;$6.39;421,88; 2.697,92 ;18670725
3729629;3/3/2026;CreditsPagoMovilV2;$21.66;421,88; 9.139,19 ;18671675
2107561;3/3/2026;megasoft;$0.05;421,88; 21,09 ;18667548
3729629;3/3/2026;CreditsPagoMovilV2;$9.00;421,88; 3.796,92 ;18673019
2107561;3/3/2026;megasoft;$11.47;421,88; 4.841,07 ;18670304
3729629;3/3/2026;CreditsPagoMovilV2;$4.48;421,88; 1.892,13 ;18673065
2533621;4/3/2026;megasoft;$1.62;425,67; 689,59 ;18673260
3733521;4/3/2026;CreditsPagoMovilV2;$9.04;425,67; 3.848,06 ;18673484
3733521;4/3/2026;CreditsPagoMovilV2;$2.95;425,67; 1.256,58 ;18676745
3733521;4/3/2026;CreditsPagoMovilV2;$7.02;425,67; 2.988,20 ;18677769
3733521;4/3/2026;CreditsPagoMovilV2;$2.88;425,67; 1.225,93 ;18673259
3736614;5/3/2026;CreditsPagoMovilV2;$1.35;427,93; 577,71 ;18678741
2944140;5/3/2026;InstantDebit;$3.42;427,93; 1.463,52 ;18682951
3736614;5/3/2026;CreditsPagoMovilV2;$14.41;427,93; 6.166,04 ;18678224
2944140;5/3/2026;megasoft;$4.81;427,93; 2.058,34 ;18683244
3736614;5/3/2026;CreditsPagoMovilV2;$3.42;427,93; 1.463,52 ;18683399
3736614;5/3/2026;CreditsPagoMovilV2;$14.04;425,67; 5.976,41 ;18678172
3736614;5/3/2026;CreditsPagoMovilV2;$3.69;427,93; 1.579,06 ;18682824
3736614;5/3/2026;CreditsPagoMovilV2;$23.35;427,93; 9.990,45 ;18683480
2944140;5/3/2026;InstantDebit;$4.32;427,93; 1.848,66 ;18683274
2944140;5/3/2026;InstantDebit;$4.95;427,93; 2.118,25 ;18681308
4360147;6/3/2026;megasoft;$9.00;431,01; 3.879,09 ;18687877
3739708;6/3/2026;CreditsPagoMovilV2;$3.68;431,01; 1.586,12 ;18690981
4360147;6/3/2026;InstantDebit;$3.33;431,01; 1.435,26 ;18688222
3739708;6/3/2026;CreditsPagoMovilV2;$5.59;431,01; 2.411,50 ;18689734
4360147;6/3/2026;megasoft;$7.02;431,01; 3.025,69 ;18689010
4360147;6/3/2026;punto_de_venta;$4.59;431,01; 1.978,34 ;18691032
4360147;6/3/2026;punto_de_venta;$3.42;431,01; 1.474,05 ;18691141
4360147;7/3/2026;megasoft;$10.44;433,17; 4.522,29 ;18693449
4360147;7/3/2026;InstantDebit;$5.36;433,17; 2.323,52 ;18691709
4360147;7/3/2026;punto_de_venta;$8.91;433,17; 3.859,50 ;18699087
4360147;7/3/2026;punto_de_venta;$3.69;433,17; 1.598,40 ;18697667
4360147;7/3/2026;InstantDebit;$46.31;433,17; 20.057,94 ;18698928
3743679;7/3/2026;CreditsPagoMovilV2;$23.72;433,17; 10.272,63 ;18691366
4360147;7/3/2026;InstantDebit;$21.55;433,17; 9.333,08 ;18698142
3743679;7/3/2026;CreditsPagoMovilV2;$2.49;433,17; 1.079,89 ;18697879
3743679;7/3/2026;CreditsPagoMovilV2;$3.42;433,17; 1.481,44 ;18698988
3743679;7/3/2026;CreditsPagoMovilV2;$36.59;433,17; 15.851,42 ;18691283
4360147;7/3/2026;megasoft;$5.58;433,17; 2.417,09 ;18691662
3743679;7/3/2026;CreditsPagoMovilV2;$6.60;433,17; 2.858,92 ;18699105
4360147;7/3/2026;punto_de_venta;$10.44;433,17; 4.522,29 ;18698810
3743679;7/3/2026;CreditsPagoMovilV2;$9.00;433,17; 3.898,53 ;18699098
4360147;7/3/2026;megasoft;$6.57;433,17; 2.845,93 ;18698974
3744376;8/3/2026;CreditsPagoMovilV2;$6.12;433,17; 2.651,00 ;18703725
3744376;8/3/2026;CreditsPagoMovilV2;$3.21;433,17; 1.391,78 ;18703700
3744376;8/3/2026;CreditsPagoMovilV2;$5.94;433,17; 2.573,03 ;18704865
4360147;8/3/2026;megasoft;$4.05;433,17; 1.754,34 ;18706710
4360147;8/3/2026;punto_de_venta;$0.90;433,17; 389,85 ;18700696
4360147;8/3/2026;InstantDebit;$3.00;433,17; 1.299,51 ;18699453
4360147;8/3/2026;InstantDebit;$6.86;433,17; 2.970,68 ;18705804
4360147;8/3/2026;InstantDebit;$3.60;433,17; 1.559,41 ;18700756
4360147;8/3/2026;megasoft;$3.00;433,17; 1.299,51 ;18704295
4360147;8/3/2026;InstantDebit;$14.25;433,17; 6.173,97 ;18701554
3744376;8/3/2026;CreditsPagoMovilV2;$8.82;433,17; 3.820,56 ;18706076
4360147;8/3/2026;punto_de_venta;$14.40;433,17; 6.237,65 ;18701987
3744376;8/3/2026;CreditsPagoMovilV2;$10.33;433,17; 4.474,65 ;18704330
4799790;9/3/2026;megasoft;$2.65;433,17; 1.147,47 ;18706965
4799790;9/3/2026;InstantDebit;$3.69;433,17; 1.598,40 ;18710614
4799790;9/3/2026;megasoft;$6.03;433,17; 2.611,97 ;18710338
4799790;9/3/2026;punto_de_venta;$0.64;433,17; 277,23 ;18709817
4799790;9/3/2026;megasoft;$6.57;433,17; 2.845,93 ;18710318
3746938;9/3/2026;CreditsPagoMovilV2;$4.87;433,17; 2.109,10 ;18710309
3746938;9/3/2026;CreditsPagoMovilV2;$2.11;433,17; 916,15 ;18706788
4799790;9/3/2026;megasoft;$7.20;433,17; 3.118,82 ;18706986
4799790;9/3/2026;megasoft;$16.23;433,17; 7.029,05 ;18710456
3746938;9/3/2026;CreditsPagoMovilV2;$5.21;433,17; 2.256,82 ;18708781
4799790;9/3/2026;InstantDebit;$8.23;433,17; 3.567,15 ;18709849
4799790;9/3/2026;megasoft;$15.64;433,17; 6.775,65 ;18710633
5261550;10/3/2026;InstantDebit;$11.16;436,24; 4.868,44 ;18715406
5261550;10/3/2026;punto_de_venta;$6.19;436,24; 2.700,33 ;18710867
5261550;10/3/2026;InstantDebit;$19.21;436,24; 8.382,35 ;18715513
5261550;10/3/2026;InstantDebit;$8.27;436,24; 3.608,14 ;18715255
5261550;10/3/2026;InstantDebit;$16.61;436,24; 7.247,69 ;18715313
5261550;10/3/2026;InstantDebit;$6.18;436,24; 2.697,27 ;18715027
5261550;10/3/2026;InstantDebit;$2.15;436,24; 938,35 ;18715656
3749917;10/3/2026;CreditsPagoMovilV2;$2.84;436,24; 1.238,92 ;18715140
5261550;10/3/2026;InstantDebit;$5.82;436,24; 2.540,23 ;18714864
5261550;10/3/2026;InstantDebit;$0.99;436,24; 431,88 ;18713549
5731506;11/3/2026;megasoft;$62.46;438,2; 27.369,97 ;18718849
5731506;11/3/2026;megasoft;$16.20;438,2; 7.098,84 ;18719575
5731506;11/3/2026;InstantDebit;$9.58;438,2; 4.197,96 ;18719381
5731506;11/3/2026;megasoft;$5.22;438,2; 2.287,40 ;18720075
3760836;13/3/2026;CreditsPagoMovilV2;$6.17;443,26; 2.736,69 ;18730019
3760836;13/3/2026;CreditsPagoMovilV2;$16.04;443,26; 7.109,00 ;18733136
7894232;13/3/2026;InstantDebit;$9.55;443,26; 4.233,13 ;18730483
3760836;13/3/2026;CreditsPagoMovilV2;$3.28;443,26; 1.454,78 ;18727331
7894232;13/3/2026;megasoft;$22.50;443,26; 9.973,35 ;18729214
3760836;13/3/2026;CreditsPagoMovilV2;$7.65;443,26; 3.390,94 ;18732288
3760836;13/3/2026;CreditsPagoMovilV2;$12.86;443,26; 5.700,77 ;18732518
7894232;13/3/2026;InstantDebit;$3.20;443,26; 1.416,22 ;18733792
3765373;14/3/2026;CreditsPagoMovilV2;$2.88;446,8; 1.286,78 ;18740943
7894232;14/3/2026;punto_de_venta;$5.04;446,8; 2.251,87 ;18734169
7894232;14/3/2026;InstantDebit;$10.85;446,8; 4.845,55 ;18742043
7894232;14/3/2026;InstantDebit;$5.80;446,8; 2.593,67 ;18734373
7894232;14/3/2026;megasoft;$7.56;446,8; 3.377,81 ;18741859
3765373;14/3/2026;CreditsPagoMovilV2;$7.65;446,8; 3.418,02 ;18741841
3765373;14/3/2026;CreditsPagoMovilV2;$6.68;446,8; 2.983,73 ;18737947
7894232;14/3/2026;megasoft;$32.39;446,8; 14.472,30 ;18739229
7894232;14/3/2026;InstantDebit;$18.26;446,8; 8.159,01 ;18739379
7894232;14/3/2026;punto_de_venta;$3.01;446,8; 1.343,08 ;18734870
3765373;14/3/2026;CreditsPagoMovilV2;$3.69;446,8; 1.648,69 ;18741225
7894232;14/3/2026;megasoft;$27.81;443,26; 12.327,06 ;18733890
3765373;14/3/2026;CreditsPagoMovilV2;$7.38;446,8; 3.297,38 ;18741149
3765373;14/3/2026;CreditsPagoMovilV2;$6.84;446,8; 3.056,11 ;18740466
3765373;14/3/2026;CreditsPagoMovilV2;$5.10;446,8; 2.278,68 ;18741871
7894232;14/3/2026;punto_de_venta;$68.77;443,26; 30.482,55 ;18733917
3765373;14/3/2026;CreditsPagoMovilV2;$4.50;446,8; 2.010,60 ;18740685
7894232;14/3/2026;InstantDebit;$2.43;446,8; 1.085,72 ;18738780
7894232;15/3/2026;InstantDebit;$2.52;446,8; 1.125,94 ;18742575
7894232;15/3/2026;InstantDebit;$3.83;446,8; 1.711,69 ;18749540
3766110;15/3/2026;CreditsPagoMovilV2;$48.24;446,8; 21.553,63 ;18742612
7894232;15/3/2026;megasoft;$9.34;446,8; 4.171,32 ;18742525
3766110;15/3/2026;CreditsPagoMovilV2;$7.65;446,8; 3.418,02 ;18749433
7894232;15/3/2026;InstantDebit;$34.96;446,8; 15.622,36 ;18749566
7894232;15/3/2026;punto_de_venta;$7.18;446,8; 3.208,07 ;18744616
3766110;15/3/2026;CreditsPagoMovilV2;$3.69;446,8; 1.648,69 ;18744549
8379371;16/3/2026;InstantDebit;$3.05;446,8; 1.360,51 ;18753367
3768736;16/3/2026;CreditsPagoMovilV2;$20.52;446,8; 9.168,34 ;18754083
8379371;16/3/2026;InstantDebit;$17.24;446,8; 7.700,60 ;18751780
3768736;16/3/2026;CreditsPagoMovilV2;$21.31;446,8; 9.522,20 ;18754968
8379371;16/3/2026;megasoft;$3.69;446,8; 1.648,69 ;18750065
8379371;16/3/2026;InstantDebit;$13.50;446,8; 6.031,80 ;18754757
8379371;16/3/2026;InstantDebit;$3.39;446,8; 1.513,31 ;18752606
3768736;16/3/2026;CreditsPagoMovilV2;$8.10;446,8; 3.619,08 ;18754702
3768736;16/3/2026;CreditsPagoMovilV2;$14.04;446,8; 6.273,07 ;18754369
8379371;16/3/2026;InstantDebit;$6.49;446,8; 2.899,29 ;18751497
3768736;16/3/2026;CreditsPagoMovilV2;$3.69;446,8; 1.648,69 ;18755049
8379371;16/3/2026;InstantDebit;$7.20;446,8; 3.216,96 ;18754953
3771542;17/3/2026;CreditsPagoMovilV2;$7.79;448,37; 3.494,60 ;18759880
3771542;17/3/2026;CreditsPagoMovilV2;$3.70;448,37; 1.658,52 ;18761049
3771542;17/3/2026;CreditsPagoMovilV2;$13.68;448,37; 6.133,70 ;18761275
8857263;17/3/2026;InstantDebit;$3.69;448,37; 1.654,49 ;18761913
3771542;17/3/2026;CreditsPagoMovilV2;$32.39;448,37; 14.523,15 ;18761445
3771542;17/3/2026;CreditsPagoMovilV2;$14.04;448,37; 6.295,11 ;18760627
8857263;17/3/2026;megasoft;$21.55;448,37; 9.660,58 ;18759390
3771542;17/3/2026;CreditsPagoMovilV2;$3.69;448,37; 1.654,49 ;18762052
8857263;17/3/2026;InstantDebit;$11.23;448,37; 5.036,09 ;18759823
3771542;17/3/2026;CreditsPagoMovilV2;$4.05;448,37; 1.815,90 ;18761882
8857263;17/3/2026;megasoft;$12.02;448,37; 5.391,20 ;18761211
8857263;17/3/2026;InstantDebit;$7.28;448,37; 3.264,58 ;18759544
8857263;17/3/2026;megasoft;$4.37;448,37; 1.961,17 ;18759906
8857263;17/3/2026;InstantDebit;$9.00;448,37; 4.035,33 ;18761036
9904320;18/3/2026;punto_de_venta;$1.30;451,51; 589,22 ;18768187
3775498;18/3/2026;CreditsPagoMovilV2;$7.20;451,51; 3.250,87 ;18762932
3775498;18/3/2026;CreditsPagoMovilV2;$0.72;451,51; 325,09 ;18771012
9904320;18/3/2026;megasoft;$2.93;451,51; 1.322,92 ;18768540
3775498;18/3/2026;CreditsPagoMovilV2;$0.63;451,51; 284,45 ;18769026
3775498;18/3/2026;CreditsPagoMovilV2;$11.40;451,51; 5.147,21 ;18767403
9904320;18/3/2026;megasoft;$6.74;451,51; 3.043,63 ;18767922
3775498;18/3/2026;CreditsPagoMovilV2;$9.00;451,51; 4.063,59 ;18771380
9904320;18/3/2026;InstantDebit;$2.34;451,51; 1.056,53 ;18766850
3775498;18/3/2026;CreditsPagoMovilV2;$15.41;451,51; 6.956,87 ;18770275
9904320;18/3/2026;InstantDebit;$8.42;451,51; 3.799,46 ;18770618
9904320;18/3/2026;InstantDebit;$2.33;451,51; 1.052,47 ;18771030
3775498;18/3/2026;CreditsPagoMovilV2;$0.90;451,51; 406,36 ;18771258
9904320;18/3/2026;InstantDebit;$4.28;451,51; 1.934,27 ;18766688
9904320;18/3/2026;InstantDebit;$5.76;451,51; 2.600,70 ;18770720
3775498;18/3/2026;CreditsPagoMovilV2;$8.10;451,51; 3.655,88 ;18770264
9904320;18/3/2026;InstantDebit;$11.60;451,51; 5.237,52 ;18766330
9904320;18/3/2026;InstantDebit;$10.03;451,51; 4.528,19 ;18771309
3775498;18/3/2026;CreditsPagoMovilV2;$0.72;451,51; 325,09 ;18770813
3775498;18/3/2026;CreditsPagoMovilV2;$13.32;451,51; 6.014,11 ;18771564
3775498;18/3/2026;CreditsPagoMovilV2;$3.42;451,51; 1.544,16 ;18771217
9904320;18/3/2026;InstantDebit;$3.60;451,51; 1.625,44 ;18769979
3775498;18/3/2026;CreditsPagoMovilV2;$11.96;451,51; 5.400,51 ;18770856
9904320;19/3/2026;megasoft;$13.50;455,25; 6.145,88 ;18772431
3778272;19/3/2026;CreditsPagoMovilV2;$3.42;455,25; 1.556,95 ;18775098
9904320;19/3/2026;megasoft;$2.89;455,25; 1.315,22 ;18774592
3778272;19/3/2026;CreditsPagoMovilV2;$15.81;455,25; 7.198,87 ;18771816
11420674;20/3/2026;punto_de_venta;$19.17;455,25; 8.727,14 ;18783480
11420674;20/3/2026;InstantDebit;$15.10;455,25; 6.875,19 ;18784568
11420674;20/3/2026;InstantDebit;$5.22;455,25; 2.376,40 ;18783498
11420674;20/3/2026;megasoft;$3.21;455,25; 1.462,72 ;18783951
11420674;20/3/2026;megasoft;$11.47;455,25; 5.223,99 ;18777617
11420674;20/3/2026;punto_de_venta;$4.41;455,25; 2.007,65 ;18778332
3781306;20/3/2026;CreditsPagoMovilV2;$11.29;455,25; 5.137,95 ;18780365
3781306;20/3/2026;CreditsPagoMovilV2;$8.41;455,25; 3.826,83 ;18779199
11420674;20/3/2026;InstantDebit;$23.60;455,25; 10.742,08 ;18784098
3781306;20/3/2026;CreditsPagoMovilV2;$14.04;455,25; 6.391,71 ;18785204
3781306;20/3/2026;CreditsPagoMovilV2;$7.38;455,25; 3.359,74 ;18785296
11420674;21/3/2026;InstantDebit;$11.25;457,08; 5.142,15 ;18793823
3785447;21/3/2026;CreditsPagoMovilV2;$1.35;457,08; 617,06 ;18793691
3785447;21/3/2026;CreditsPagoMovilV2;$4.43;457,08; 2.024,86 ;18792525
3785447;21/3/2026;CreditsPagoMovilV2;$5.76;457,08; 2.632,78 ;18791408
11420674;21/3/2026;InstantDebit;$6.80;457,08; 3.108,14 ;18791325
3785447;21/3/2026;CreditsPagoMovilV2;$6.12;457,08; 2.797,33 ;18793444
11420674;21/3/2026;InstantDebit;$10.11;457,08; 4.619,71 ;18793277
11420674;21/3/2026;InstantDebit;$56.62;457,08; 25.879,41 ;18793255
3785447;21/3/2026;CreditsPagoMovilV2;$32.39;455,25; 14.746,00 ;18785354
3785447;21/3/2026;CreditsPagoMovilV2;$2.72;457,08; 1.245,09 ;18793037
11420674;21/3/2026;megasoft;$7.19;457,08; 3.286,36 ;18792190
3785447;21/3/2026;CreditsPagoMovilV2;$5.85;457,08; 2.673,92 ;18793467
11420674;21/3/2026;InstantDebit;$5.40;457,08; 2.468,23 ;18793468
3786138;22/3/2026;CreditsPagoMovilV2;$8.55;457,08; 3.908,03 ;18800544
11420674;22/3/2026;megasoft;$6.14;457,08; 2.806,43 ;18794022
11420674;22/3/2026;InstantDebit;$7.65;457,08; 3.496,66 ;18798472
3786138;22/3/2026;CreditsPagoMovilV2;$0.43;457,08; 197,46 ;18794065
3786138;22/3/2026;CreditsPagoMovilV2;$10.53;457,08; 4.813,05 ;18796635
11420674;22/3/2026;megasoft;$5.35;457,08; 2.447,66 ;18799452
11420674;22/3/2026;InstantDebit;$16.04;457,08; 7.330,65 ;18800123
3786138;22/3/2026;CreditsPagoMovilV2;$23.76;457,08; 10.860,22 ;18801127
11420674;22/3/2026;megasoft;$5.37;457,08; 2.455,89 ;18797154
3786138;22/3/2026;CreditsPagoMovilV2;$2.55;457,08; 1.165,55 ;18796655
3786138;22/3/2026;CreditsPagoMovilV2;$5.40;457,08; 2.468,23 ;18801643
11420674;22/3/2026;punto_de_venta;$23.13;457,08; 10.572,26 ;18801631
3786138;22/3/2026;CreditsPagoMovilV2;$5.49;457,08; 2.509,37 ;18801761
3786138;22/3/2026;CreditsPagoMovilV2;$9.07;457,08; 4.146,63 ;18801537
3786138;22/3/2026;CreditsPagoMovilV2;$3.69;457,08; 1.686,63 ;18798820
11420674;22/3/2026;megasoft;$5.40;457,08; 2.468,23 ;18795161
3786138;22/3/2026;CreditsPagoMovilV2;$9.90;457,08; 4.525,09 ;18798260
3786138;22/3/2026;CreditsPagoMovilV2;$11.34;457,08; 5.183,29 ;18799547
11420674;22/3/2026;megasoft;$5.10;457,08; 2.331,11 ;18793947
11420674;22/3/2026;megasoft;$9.73;457,08; 4.447,34 ;18798585
11420674;22/3/2026;InstantDebit;$5.85;457,08; 2.673,92 ;18795602
3786138;22/3/2026;CreditsPagoMovilV2;$19.61;457,08; 8.965,17 ;18796787
3786138;22/3/2026;CreditsPagoMovilV2;$7.08;457,08; 3.237,50 ;18801477
3788839;23/3/2026;CreditsPagoMovilV2;$3.42;457,08; 1.563,21 ;18806724
3788839;23/3/2026;CreditsPagoMovilV2;$13.06;457,08; 5.969,01 ;18801801
3788839;23/3/2026;CreditsPagoMovilV2;$37.05;457,08; 16.936,19 ;18801817
3788839;23/3/2026;CreditsPagoMovilV2;$3.14;457,08; 1.435,69 ;18803476
3788839;23/3/2026;CreditsPagoMovilV2;$9.76;457,08; 4.459,27 ;18803402
12005769;23/3/2026;InstantDebit;$3.42;457,08; 1.563,21 ;18806267
12005769;23/3/2026;punto_de_venta;$7.11;457,08; 3.249,84 ;18806519
12005769;23/3/2026;InstantDebit;$10.36;457,08; 4.734,89 ;18806221
3788839;23/3/2026;CreditsPagoMovilV2;$12.00;457,08; 5.484,96 ;18806505
12005769;23/3/2026;InstantDebit;$2.78;457,08; 1.271,14 ;18804726
12671011;24/3/2026;InstantDebit;$8.48;459,45; 3.895,22 ;18806901
3791709;24/3/2026;CreditsPagoMovilV2;$3.15;459,45; 1.445,89 ;18812323
12671011;24/3/2026;InstantDebit;$9.36;459,45; 4.300,45 ;18812883
12671011;24/3/2026;megasoft;$2.92;459,45; 1.341,59 ;18806910
12671011;24/3/2026;megasoft;$9.00;459,45; 4.135,05 ;18812520
12671011;24/3/2026;megasoft;$0.74;459,45; 339,99 ;18806930
12671011;24/3/2026;punto_de_venta;$4.32;459,45; 1.984,82 ;18811094
12671011;24/3/2026;InstantDebit;$11.40;459,45; 5.237,73 ;18812349
12671011;24/3/2026;punto_de_venta;$16.67;459,45; 7.658,11 ;18812301
3791709;24/3/2026;CreditsPagoMovilV2;$4.10;459,45; 1.881,45 ;18811373
3791709;24/3/2026;CreditsPagoMovilV2;$3.94;459,45; 1.812,53 ;18812794
12671011;24/3/2026;punto_de_venta;$13.50;459,45; 6.202,57 ;18811335
12671011;24/3/2026;InstantDebit;$4.04;459,45; 1.856,64 ;18812200
13367761;25/3/2026;InstantDebit;$26.78;462,67; 12.392,15 ;18818284
13367761;25/3/2026;InstantDebit;$1.25;462,67; 578,80 ;18816253
3795305;25/3/2026;CreditsPagoMovilV2;$81.00;462,67; 37.476,27 ;18818215
13367761;25/3/2026;megasoft;$5.42;462,67; 2.507,67 ;18815906
3795305;25/3/2026;CreditsPagoMovilV2;$4.46;462,67; 2.065,36 ;18818231
860738859;26/3/2026;CreditsPagoMovilV2;$9.28;466,6; 4.330,05 ;18821566
665676197;26/3/2026;CreditsPagoMovilV2;$8.82;466,6; 4.115,41 ;18824527
665676197;26/3/2026;CreditsPagoMovilV2;$8.54;466,6; 3.985,23 ;18824631
14053459;26/3/2026;InstantDebit;$1.68;466,6; 783,89 ;18822878
860738859;26/3/2026;CreditsPagoMovilV2;$3.12;462,67; 1.443,53 ;18818392
14053459;26/3/2026;InstantDebit;$9.31;466,6; 4.342,18 ;18821023
14053459;26/3/2026;megasoft;$1.08;466,6; 503,93 ;18821795
860738859;26/3/2026;CreditsPagoMovilV2;$5.76;466,6; 2.687,62 ;18818481
16133612;27/3/2026;megasoft;$6.86;468,51; 3.214,03 ;18830614
16133612;27/3/2026;InstantDebit;$2.12;468,51; 995,12 ;18834098
687402270;27/3/2026;CreditsPagoMovilV2;$2.10;468,51; 984,34 ;18833949
16133612;27/3/2026;InstantDebit;$2.80;468,51; 1.310,89 ;18833665
406264681;27/3/2026;CreditsPagoMovilV2;$3.11;468,51; 1.456,13 ;18832218
16133612;27/3/2026;megasoft;$4.50;468,51; 2.108,30 ;18832813
406264681;27/3/2026;CreditsPagoMovilV2;$4.14;468,51; 1.939,63 ;18830413
16133612;27/3/2026;InstantDebit;$5.74;468,51; 2.690,18 ;18830453
16133612;27/3/2026;megasoft;$2.88;466,6; 1.343,81 ;18824688
16133612;27/3/2026;punto_de_venta;$3.21;468,51; 1.505,32 ;18834019
16133612;27/3/2026;InstantDebit;$3.42;468,51; 1.602,30 ;18834193
374463449;28/3/2026;CreditsPagoMovilV2;$3.69;471,7; 1.740,57 ;18842724
16133612;28/3/2026;InstantDebit;$1.39;471,7; 658,02 ;18842517
16133612;28/3/2026;megasoft;$4.00;471,7; 1.886,80 ;18842107
16133612;28/3/2026;megasoft;$12.15;471,7; 5.731,15 ;18842638
374463449;28/3/2026;CreditsPagoMovilV2;$22.40;471,7; 10.566,55 ;18842624
16133612;28/3/2026;InstantDebit;$1.78;471,7; 837,74 ;18842489
16133612;28/3/2026;InstantDebit;$28.08;471,7; 13.245,34 ;18842448
16133612;28/3/2026;InstantDebit;$0.93;471,7; 439,62 ;18842258
16133612;28/3/2026;punto_de_venta;$8.64;471,7; 4.075,49 ;18841099
16133612;28/3/2026;InstantDebit;$10.79;471,7; 5.090,11 ;18840222
374463449;28/3/2026;CreditsPagoMovilV2;$18.00;471,7; 8.490,60 ;18842659
16133612;28/3/2026;megasoft;$24.29;471,7; 11.458,06 ;18842364
374463449;28/3/2026;CreditsPagoMovilV2;$8.93;471,7; 4.211,34 ;18842677
16133612;28/3/2026;punto_de_venta;$4.59;471,7; 2.165,10 ;18841702
374463449;28/3/2026;CreditsPagoMovilV2;$7.21;471,7; 3.400,49 ;18841945
16133612;29/3/2026;megasoft;$8.19;471,7; 3.863,22 ;18850083
16133612;29/3/2026;megasoft;$3.40;471,7; 1.603,78 ;18842740
231188778;29/3/2026;CreditsPagoMovilV2;$9.90;471,7; 4.669,83 ;18850011
16133612;29/3/2026;InstantDebit;$2.88;471,7; 1.358,50 ;18849729
16133612;29/3/2026;InstantDebit;$0.95;471,7; 448,11 ;18842665
16133612;29/3/2026;InstantDebit;$1.73;471,7; 815,10 ;18845067
790524846;29/3/2026;CreditsPagoMovilV2;$49.94;471,7; 23.557,17 ;18845313
16133612;29/3/2026;megasoft;$4.43;471,7; 2.089,63 ;18847887
231188778;29/3/2026;CreditsPagoMovilV2;$3.69;471,7; 1.740,57 ;18850082
231188778;29/3/2026;CreditsPagoMovilV2;$7.65;471,7; 3.608,51 ;18849159
790524846;29/3/2026;CreditsPagoMovilV2;$3.69;471,7; 1.740,57 ;18846037
231188778;29/3/2026;CreditsPagoMovilV2;$4.80;471,7; 2.264,16 ;18849364
940054762;30/3/2026;megasoft;$3.69;471,7; 1.740,57 ;18855977
940054762;30/3/2026;megasoft;$5.56;471,7; 2.622,65 ;18855888
213402358;30/3/2026;CreditsPagoMovilV2;$0.82;471,7; 386,79 ;18856268
940054762;30/3/2026;megasoft;$6.93;471,7; 3.268,88 ;18852567
940054762;30/3/2026;InstantDebit;$2.48;471,7; 1.169,82 ;18850375
940054762;30/3/2026;InstantDebit;$1.23;471,7; 580,66 ;18852196
213402358;30/3/2026;CreditsPagoMovilV2;$6.97;471,7; 3.287,75 ;18856141
940054762;30/3/2026;punto_de_venta;$0.53;471,7; 250,00 ;18851521
940054762;30/3/2026;InstantDebit;$2.06;471,7; 972,17 ;18852813
940054762;30/3/2026;InstantDebit;$5.47;471,7; 2.581,14 ;18853804
940054762;30/3/2026;InstantDebit;$21.00;471,7; 9.904,28 ;18855382
940054762;30/3/2026;InstantDebit;$5.12;471,7; 2.416,99 ;18853934
940054762;30/3/2026;InstantDebit;$7.96;471,7; 3.752,85 ;18855690
940054762;30/3/2026;InstantDebit;$3.60;471,7; 1.698,12 ;18856098
102828318;31/3/2026;CreditsPagoMovilV2;$10.97;473,87; 5.198,35 ;18858765
17361095;31/3/2026;megasoft;$1.06;473,87; 504,20 ;18856456
17361095;31/3/2026;punto_de_venta;$7.20;473,87; 3.411,86 ;18856378
17361095;31/3/2026;megasoft;$16.18;473,87; 7.668,16 ;18863411
102828318;31/3/2026;CreditsPagoMovilV2;$0.99;473,87; 469,13 ;18857566
468947603;31/3/2026;CreditsPagoMovilV2;$6.94;473,87; 3.288,18 ;18862785
468947603;31/3/2026;CreditsPagoMovilV2;$3.15;473,87; 1.492,69 ;18863630
17361095;31/3/2026;megasoft;$3.11;473,87; 1.471,37 ;18859808
17361095;31/3/2026;InstantDebit;$2.15;473,87; 1.019,29 ;18863296
102828318;31/3/2026;CreditsPagoMovilV2;$5.13;473,87; 2.430,95 ;18856529
17361095;31/3/2026;megasoft;$1.18;473,87; 559,17 ;18856711
17361095;31/3/2026;megasoft;$1.56;473,87; 737,34 ;18862100
17361095;31/3/2026;InstantDebit;$15.48;473,87; 7.335,51 ;18860029
20710563;1/4/2026;megasoft;$10.80;473,92; 5.118,34 ;18869665
20710563;1/4/2026;InstantDebit;$2.14;473,87; 1.015,03 ;18863638
20710563;1/4/2026;megasoft;$64.78;473,92; 30.701,49 ;18870104
182769500;1/4/2026;CreditsPagoMovilV2;$9.00;473,92; 4.265,28 ;18863749
20710563;1/4/2026;InstantDebit;$11.45;473,92; 5.425,44 ;18868383
160341170;1/4/2026;CreditsPagoMovilV2;$5.89;473,92; 2.791,39 ;18870401
20710563;1/4/2026;InstantDebit;$5.40;473,92; 2.559,17 ;18870395
20710563;1/4/2026;megasoft;$10.79;473,92; 5.114,07 ;18869044
160341170;1/4/2026;CreditsPagoMovilV2;$1.54;473,92; 729,36 ;18869835
20710563;1/4/2026;megasoft;$7.04;473,92; 3.336,40 ;18870250
20710563;1/4/2026;InstantDebit;$6.30;473,92; 2.985,70 ;18870150
979462411;2/4/2026;CreditsPagoMovilV2;$2.34;473,92; 1.108,97 ;18870421
979462411;2/4/2026;CreditsPagoMovilV2;$3.15;474,06; 1.493,29 ;18875172
706473325;2/4/2026;CreditsPagoMovilV2;$1.40;474,06; 666,05 ;18875833
706473325;2/4/2026;CreditsPagoMovilV2;$12.04;474,06; 5.708,63 ;18875794
20710563;2/4/2026;megasoft;$4.74;474,06; 2.248,47 ;18875945
979462411;2/4/2026;CreditsPagoMovilV2;$10.44;474,06; 4.949,19 ;18870585
20710563;2/4/2026;punto_de_venta;$3.69;474,06; 1.749,28 ;18870584
20710563;2/4/2026;InstantDebit;$9.27;474,06; 4.394,54 ;18876407
20710563;2/4/2026;InstantDebit;$8.80;474,06; 4.169,83 ;18871481
20710563;2/4/2026;InstantDebit;$1.98;474,06; 938,64 ;18876381
791606962;3/4/2026;CreditsPagoMovilV2;$9.00;474,06; 4.266,54 ;18882999
20710563;3/4/2026;InstantDebit;$15.31;474,06; 7.257,38 ;18883594
20710563;3/4/2026;megasoft;$18.00;474,06; 8.533,08 ;18883400
20710563;3/4/2026;InstantDebit;$13.68;474,06; 6.485,14 ;18878290
791606962;3/4/2026;CreditsPagoMovilV2;$1.61;474,06; 763,24 ;18878479
20710563;3/4/2026;InstantDebit;$1.76;474,06; 834,35 ;18879498
20710563;3/4/2026;punto_de_venta;$4.32;474,06; 2.047,94 ;18884014
20710563;3/4/2026;punto_de_venta;$19.44;474,06; 9.215,73 ;18884146
20710563;3/4/2026;punto_de_venta;$3.69;474,06; 1.749,28 ;18877690
791606962;3/4/2026;CreditsPagoMovilV2;$7.83;474,06; 3.711,89 ;18878177
791606962;3/4/2026;CreditsPagoMovilV2;$1.70;474,06; 805,90 ;18878513
791606962;3/4/2026;CreditsPagoMovilV2;$64.78;474,06; 30.710,55 ;18882820
791606962;3/4/2026;CreditsPagoMovilV2;$5.94;474,06; 2.815,92 ;18879459
354861024;3/4/2026;CreditsPagoMovilV2;$12.46;474,06; 5.904,89 ;18884170
20710563;3/4/2026;InstantDebit;$4.29;474,06; 2.033,72 ;18879195
20710563;3/4/2026;InstantDebit;$17.72;474,06; 8.400,82 ;18879524
20710563;3/4/2026;InstantDebit;$13.09;474,06; 6.203,55 ;18880196
354861024;3/4/2026;CreditsPagoMovilV2;$2.35;474,06; 1.114,04 ;18884318
20710563;3/4/2026;megasoft;$2.43;474,06; 1.151,97 ;18883559
20710563;3/4/2026;megasoft;$6.97;474,06; 3.302,30 ;18883680
354861024;3/4/2026;CreditsPagoMovilV2;$4.00;474,06; 1.896,24 ;18883995
791606962;3/4/2026;CreditsPagoMovilV2;$4.59;474,06; 2.175,94 ;18880633
20710563;4/4/2026;punto_de_venta;$11.83;474,06; 5.606,23 ;18891596
20710563;4/4/2026;megasoft;$6.75;474,06; 3.199,91 ;18886249
20710563;4/4/2026;InstantDebit;$3.69;474,06; 1.749,28 ;18891382
20710563;4/4/2026;megasoft;$6.56;474,06; 3.107,89 ;18890762
748806734;4/4/2026;CreditsPagoMovilV2;$21.60;474,06; 10.239,70 ;18889280
748806734;4/4/2026;CreditsPagoMovilV2;$1.18;474,06; 557,49 ;18887130
425968722;4/4/2026;CreditsPagoMovilV2;$9.09;474,06; 4.309,21 ;18891686
20710563;4/4/2026;megasoft;$8.72;474,06; 4.133,80 ;18890987
748806734;4/4/2026;CreditsPagoMovilV2;$10.23;474,06; 4.851,06 ;18885909
20710563;4/4/2026;punto_de_venta;$3.69;474,06; 1.749,28 ;18890532
20710563;4/4/2026;InstantDebit;$0.99;474,06; 469,32 ;18887558
20710563;4/4/2026;InstantDebit;$1.54;474,06; 729,58 ;18886255
425968722;4/4/2026;CreditsPagoMovilV2;$10.80;474,06; 5.119,85 ;18891536
20710563;4/4/2026;InstantDebit;$2.37;474,06; 1.122,57 ;18887208
748806734;4/4/2026;CreditsPagoMovilV2;$7.60;474,06; 3.600,96 ;18887725
425968722;4/4/2026;CreditsPagoMovilV2;$4.23;474,06; 2.005,27 ;18890312
20710563;4/4/2026;megasoft;$7.65;474,06; 3.626,56 ;18891706
425968722;4/4/2026;CreditsPagoMovilV2;$26.64;474,06; 12.628,96 ;18891737
20710563;5/4/2026;punto_de_venta;$3.69;474,06; 1.749,28 ;18898753
20710563;5/4/2026;punto_de_venta;$3.69;474,06; 1.749,28 ;18896729
870448287;5/4/2026;CreditsPagoMovilV2;$3.69;474,06; 1.749,28 ;18898786
20710563;5/4/2026;InstantDebit;$4.50;474,06; 2.133,27 ;18897190
20710563;5/4/2026;InstantDebit;$2.29;474,06; 1.085,12 ;18898501
20710563;5/4/2026;InstantDebit;$4.28;474,06; 2.030,87 ;18898498
20710563;5/4/2026;InstantDebit;$6.84;474,06; 3.242,57 ;18897055
20710563;5/4/2026;InstantDebit;$3.42;474,06; 1.621,29 ;18898765
20710563;5/4/2026;megasoft;$2.33;474,06; 1.104,56 ;18898053
20710563;5/4/2026;InstantDebit;$1.50;474,06; 711,09 ;18898510
21342706;6/4/2026;InstantDebit;$3.15;474,06; 1.493,29 ;18903566
21342706;6/4/2026;megasoft;$1.64;474,06; 779,35 ;18902637
501996817;6/4/2026;CreditsPagoMovilV2;$6.09;474,06; 2.888,45 ;18903279
21342706;6/4/2026;InstantDebit;$14.40;474,06; 6.826,46 ;18903961
21981947;7/4/2026;InstantDebit;$9.69;474,53; 4.599,62 ;18907213
826458327;7/4/2026;CreditsPagoMovilV2;$13.93;474,53; 6.611,15 ;18908988
21981947;7/4/2026;megasoft;$12.62;474,53; 5.988,62 ;18906485
21981947;7/4/2026;megasoft;$6.94;474,53; 3.292,76 ;18906521
21981947;7/4/2026;InstantDebit;$6.39;474,53; 3.032,25 ;18907827
21981947;7/4/2026;InstantDebit;$2.61;474,53; 1.238,52 ;18904225
826458327;7/4/2026;CreditsPagoMovilV2;$4.95;474,53; 2.348,92 ;18909354
21981947;7/4/2026;InstantDebit;$16.84;474,53; 7.990,61 ;18908764
963007694;8/4/2026;megasoft;$1.88;475,01; 895,39 ;18913197
448407155;8/4/2026;CreditsPagoMovilV2;$9.74;475,01; 4.626,60 ;18913006
963007694;8/4/2026;megasoft;$39.31;475,01; 18.673,59 ;18915703
23237195;9/4/2026;megasoft;$76.48;475,96; 36.402,37 ;18922572
642064838;9/4/2026;CreditsPagoMovilV2;$11.48;475,96; 5.466,40 ;18920491
23237195;9/4/2026;megasoft;$3.95;475,96; 1.880,04 ;18922081
642064838;9/4/2026;CreditsPagoMovilV2;$0.35;475,96; 167,06 ;18921672
23237195;9/4/2026;megasoft;$7.79;475,96; 3.709,63 ;18921615
23237195;9/4/2026;megasoft;$5.65;475,96; 2.690,13 ;18922315
642064838;9/4/2026;CreditsPagoMovilV2;$2.18;475,96; 1.038,54 ;18918710
642064838;9/4/2026;CreditsPagoMovilV2;$2.23;475,96; 1.060,20 ;18920596
965181765;10/4/2026;CreditsPagoMovilV2;$17.55;476,43; 8.361,35 ;18925604
25181223;10/4/2026;InstantDebit;$18.00;476,43; 8.575,74 ;18930105
25181223;10/4/2026;megasoft;$12.60;476,43; 6.003,02 ;18924409
864739662;10/4/2026;CreditsPagoMovilV2;$2.70;476,43; 1.286,36 ;18929672
25181223;10/4/2026;InstantDebit;$3.69;476,43; 1.758,03 ;18930090
864739662;10/4/2026;CreditsPagoMovilV2;$9.00;476,43; 4.287,87 ;18930125
25181223;10/4/2026;megasoft;$6.98;475,96; 3.322,20 ;18922678
25181223;10/4/2026;megasoft;$58.59;476,43; 27.914,03 ;18927482
965181765;10/4/2026;CreditsPagoMovilV2;$1.65;476,43; 786,11 ;18924760
965181765;10/4/2026;CreditsPagoMovilV2;$27.00;476,43; 12.863,61 ;18928210
25181223;10/4/2026;megasoft;$7.95;475,96; 3.783,88 ;18922649
824983764;11/4/2026;CreditsPagoMovilV2;$24.30;477,15; 11.594,74 ;18934312
824983764;11/4/2026;CreditsPagoMovilV2;$3.69;477,15; 1.760,68 ;18934824
25181223;11/4/2026;InstantDebit;$1.56;477,15; 744,35 ;18937252
25181223;11/4/2026;InstantDebit;$5.71;477,15; 2.726,91 ;18932929
25181223;11/4/2026;InstantDebit;$11.64;477,15; 5.552,59 ;18937635
25181223;11/4/2026;megasoft;$15.63;477,15; 7.459,29 ;18933379
25181223;11/4/2026;megasoft;$35.95;477,15; 17.151,63 ;18932217
192225427;11/4/2026;CreditsPagoMovilV2;$9.00;477,15; 4.294,35 ;18937919
25181223;11/4/2026;megasoft;$5.85;477,15; 2.791,33 ;18937120
25181223;11/4/2026;InstantDebit;$1.39;477,15; 663,24 ;18937597
824983764;11/4/2026;CreditsPagoMovilV2;$2.32;477,15; 1.109,37 ;18933183
192225427;11/4/2026;CreditsPagoMovilV2;$29.42;477,15; 14.038,23 ;18937629
25181223;11/4/2026;megasoft;$4.60;477,15; 2.194,41 ;18935271
25181223;11/4/2026;InstantDebit;$10.08;477,15; 4.809,67 ;18937781
848431047;12/4/2026;CreditsPagoMovilV2;$2.42;477,15; 1.154,70 ;18938270
25181223;12/4/2026;megasoft;$1.50;477,15; 714,29 ;18944412
25181223;12/4/2026;megasoft;$21.12;477,15; 10.077,36 ;18943783
143343044;12/4/2026;CreditsPagoMovilV2;$3.69;477,15; 1.760,68 ;18944980
848431047;12/4/2026;CreditsPagoMovilV2;$1.35;477,15; 644,15 ;18939279
25181223;12/4/2026;InstantDebit;$2.73;477,15; 1.302,62 ;18943628
848431047;12/4/2026;CreditsPagoMovilV2;$36.00;477,15; 17.177,40 ;18937930
848431047;12/4/2026;CreditsPagoMovilV2;$2.78;477,15; 1.326,95 ;18939234
848431047;12/4/2026;CreditsPagoMovilV2;$3.37;477,15; 1.609,90 ;18941850
848431047;12/4/2026;CreditsPagoMovilV2;$6.46;477,15; 3.084,30 ;18938136
848431047;12/4/2026;CreditsPagoMovilV2;$4.86;477,15; 2.318,95 ;18939255
25181223;12/4/2026;InstantDebit;$4.68;477,15; 2.233,06 ;18944652
25181223;12/4/2026;InstantDebit;$26.30;477,15; 12.548,09 ;18944476
25181223;12/4/2026;InstantDebit;$1.23;477,15; 584,51 ;18942812
25181223;12/4/2026;InstantDebit;$3.01;477,15; 1.435,27 ;18940509
25913976;13/4/2026;InstantDebit;$3.69;477,15; 1.760,68 ;18945788
559532102;13/4/2026;CreditsPagoMovilV2;$3.69;477,15; 1.760,68 ;18949717
559532102;13/4/2026;CreditsPagoMovilV2;$6.30;477,15; 3.006,04 ;18949865
25913976;13/4/2026;punto_de_venta;$11.70;477,15; 5.582,65 ;18949134
947411020;13/4/2026;CreditsPagoMovilV2;$2.67;477,15; 1.275,42 ;18948875
25913976;13/4/2026;InstantDebit;$1.92;477,15; 916,13 ;18950004
26600228;14/4/2026;megasoft;$3.42;477,63; 1.633,49 ;18955811
766924298;14/4/2026;CreditsPagoMovilV2;$6.66;477,63; 3.181,02 ;18955864
26600228;14/4/2026;megasoft;$1.91;477,63; 914,18 ;18950157
766924298;14/4/2026;CreditsPagoMovilV2;$7.20;477,63; 3.438,94 ;18955992
26600228;14/4/2026;megasoft;$8.91;477,63; 4.255,64 ;18954333
52683406;15/4/2026;CreditsPagoMovilV2;$4.58;478,58; 2.191,90 ;18960572
27338520;15/4/2026;InstantDebit;$5.85;478,58; 2.799,69 ;18959663
27338520;15/4/2026;megasoft;$11.68;478,58; 5.590,77 ;18961901
27338520;15/4/2026;InstantDebit;$1.78;478,58; 853,79 ;18959550
27338520;15/4/2026;InstantDebit;$79.28;478,58; 37.942,30 ;18959462
27338520;15/4/2026;InstantDebit;$11.52;478,58; 5.513,24 ;18960799
27338520;15/4/2026;InstantDebit;$3.50;478,58; 1.673,35 ;18961976
523905368;16/4/2026;CreditsPagoMovilV2;$1.62;479,78; 777,24 ;18963189
928091582;16/4/2026;InstantDebit;$7.20;479,78; 3.454,42 ;18964054
523905368;16/4/2026;CreditsPagoMovilV2;$27.94;479,78; 13.403,13 ;18966167
928091582;16/4/2026;InstantDebit;$57.29;479,78; 27.488,52 ;18968340
847881059;17/4/2026;CreditsPagoMovilV2;$4.23;480,26; 2.031,50 ;18975216
30402966;17/4/2026;InstantDebit;$1.50;480,26; 720,39 ;18976780
30402966;17/4/2026;InstantDebit;$0.82;480,26; 393,81 ;18975775
30402966;17/4/2026;InstantDebit;$23.40;480,26; 11.238,08 ;18976327
30402966;17/4/2026;punto_de_venta;$8.27;480,26; 3.972,23 ;18975645
30402966;17/4/2026;punto_de_venta;$7.38;480,26; 3.544,32 ;18976783
30402966;17/4/2026;InstantDebit;$1.05;480,26; 504,27 ;18976698
30402966;17/4/2026;megasoft;$6.08;480,26; 2.917,58 ;18974345
30402966;17/4/2026;megasoft;$2.25;480,26; 1.080,59 ;18976692
30402966;17/4/2026;megasoft;$1.04;480,26; 498,99 ;18971173
847881059;17/4/2026;CreditsPagoMovilV2;$2.40;480,26; 1.152,62 ;18974010
30402966;17/4/2026;InstantDebit;$1.00;479,78; 479,78 ;18968674
30402966;18/4/2026;InstantDebit;$36.00;481,22; 17.323,92 ;18981603
687486124;18/4/2026;CreditsPagoMovilV2;$12.42;481,22; 5.976,75 ;18980198
30402966;18/4/2026;InstantDebit;$5.10;481,22; 2.454,70 ;18977200
8715799;18/4/2026;CreditsPagoMovilV2;$11.70;481,22; 5.630,27 ;18984923
30402966;18/4/2026;InstantDebit;$4.56;481,22; 2.194,36 ;18977219
8715799;18/4/2026;CreditsPagoMovilV2;$4.39;481,22; 2.112,56 ;18984436
8715799;18/4/2026;CreditsPagoMovilV2;$3.42;481,22; 1.645,77 ;18985031
687486124;18/4/2026;CreditsPagoMovilV2;$3.69;481,22; 1.775,70 ;18979800
30402966;18/4/2026;InstantDebit;$1.03;481,22; 498,06 ;18979572
8715799;18/4/2026;CreditsPagoMovilV2;$59.22;481,22; 28.497,85 ;18983882
8715799;18/4/2026;CreditsPagoMovilV2;$15.75;481,22; 7.579,22 ;18984931
30402966;18/4/2026;megasoft;$1.50;481,22; 721,83 ;18980065
30402966;18/4/2026;megasoft;$2.54;481,22; 1.224,70 ;18977549
30402966;18/4/2026;punto_de_venta;$5.40;481,22; 2.598,59 ;18985071
687486124;18/4/2026;CreditsPagoMovilV2;$4.33;480,26; 2.079,05 ;18976933
30402966;18/4/2026;InstantDebit;$11.88;481,22; 5.716,89 ;18984928
30402966;18/4/2026;InstantDebit;$1.82;481,22; 875,82 ;18980870
240151526;19/4/2026;CreditsPagoMovilV2;$14.40;481,22; 6.929,57 ;18990686
30402966;19/4/2026;megasoft;$5.39;481,22; 2.593,78 ;18989274
30402966;19/4/2026;megasoft;$2.39;481,22; 1.152,04 ;18991858
30402966;19/4/2026;InstantDebit;$7.25;481,22; 3.488,85 ;18989367
763940708;19/4/2026;CreditsPagoMovilV2;$13.87;481,22; 6.674,04 ;18992118
30402966;19/4/2026;punto_de_venta;$19.53;481,22; 9.398,23 ;18989620
30402966;19/4/2026;megasoft;$7.00;481,22; 3.368,54 ;18985231
30402966;19/4/2026;InstantDebit;$9.32;481,22; 4.486,90 ;18985511
763940708;19/4/2026;CreditsPagoMovilV2;$6.34;481,22; 3.053,34 ;18992363
31102565;20/4/2026;InstantDebit;$1.16;481,22; 557,73 ;18995516
584960081;20/4/2026;CreditsPagoMovilV2;$3.77;481,22; 1.814,68 ;18997582
31102565;20/4/2026;InstantDebit;$0.93;481,22; 447,53 ;18997139
31102565;20/4/2026;megasoft;$2.34;481,22; 1.126,05 ;18995995
31102565;20/4/2026;megasoft;$1.37;481,22; 656,87 ;18997463
31102565;20/4/2026;InstantDebit;$0.17;481,22; 82,29 ;18997559
716359609;20/4/2026;CreditsPagoMovilV2;$3.69;481,22; 1.775,70 ;18996553
716359609;20/4/2026;CreditsPagoMovilV2;$4.86;481,22; 2.339,45 ;18995185
584960081;20/4/2026;CreditsPagoMovilV2;$2.53;481,22; 1.217,97 ;18997110
716359609;20/4/2026;CreditsPagoMovilV2;$8.06;481,22; 3.880,56 ;18996502
31832731;21/4/2026;InstantDebit;$31.81;481,7; 15.320,95 ;19001441
31832731;21/4/2026;megasoft;$1.57;481,7; 756,27 ;19003687
294423196;21/4/2026;CreditsPagoMovilV2;$3.69;481,7; 1.777,47 ;19003565
294423196;21/4/2026;CreditsPagoMovilV2;$4.87;481,7; 2.345,88 ;19003203
31832731;21/4/2026;megasoft;$9.81;481,7; 4.725,48 ;19001988
31832731;21/4/2026;megasoft;$6.46;481,7; 3.111,78 ;18998527
294423196;21/4/2026;CreditsPagoMovilV2;$4.05;481,7; 1.950,88 ;19003136
903781367;21/4/2026;CreditsPagoMovilV2;$3.11;481,7; 1.495,68 ;18998184
32573132;22/4/2026;megasoft;$2.96;482,76; 1.429,45 ;19007014
32573132;22/4/2026;InstantDebit;$1.76;482,76; 850,14 ;19006339
32573132;22/4/2026;InstantDebit;$9.45;482,76; 4.562,08 ;19009026
32573132;22/4/2026;megasoft;$72.00;482,76; 34.758,72 ;19008540
32573132;22/4/2026;megasoft;$2.87;482,76; 1.383,59 ;19006619
131812812;22/4/2026;CreditsPagoMovilV2;$3.67;482,76; 1.769,80 ;19007795
32573132;22/4/2026;InstantDebit;$1.46;482,76; 704,83 ;19003957
423202544;22/4/2026;CreditsPagoMovilV2;$3.69;482,76; 1.781,38 ;19008886
131812812;22/4/2026;CreditsPagoMovilV2;$12.72;482,76; 6.142,64 ;19005746
32573132;22/4/2026;InstantDebit;$4.76;482,76; 2.298,42 ;19008792
131812812;22/4/2026;CreditsPagoMovilV2;$4.05;482,76; 1.955,18 ;19006849
131812812;22/4/2026;CreditsPagoMovilV2;$0.37;482,76; 178,62 ;19003826
33312803;23/4/2026;InstantDebit;$17.51;483,34; 8.465,22 ;19010813
33312803;23/4/2026;InstantDebit;$5.60;483,34; 2.705,74 ;19014644
445681828;23/4/2026;CreditsPagoMovilV2;$4.68;483,34; 2.262,03 ;19015139
33312803;23/4/2026;punto_de_venta;$7.19;483,34; 3.475,21 ;19015380
33312803;23/4/2026;megasoft;$10.80;483,34; 5.220,07 ;19015251
743311893;23/4/2026;CreditsPagoMovilV2;$11.52;483,34; 5.568,08 ;19013881
33312803;23/4/2026;megasoft;$4.50;483,34; 2.175,03 ;19009358
445681828;23/4/2026;CreditsPagoMovilV2;$6.29;483,34; 3.040,69 ;19015162
33312803;23/4/2026;megasoft;$7.98;483,34; 3.857,05 ;19012275
33312803;23/4/2026;megasoft;$2.83;483,34; 1.365,92 ;19011300
445681828;23/4/2026;CreditsPagoMovilV2;$29.20;483,34; 14.111,59 ;19015321
445681828;23/4/2026;CreditsPagoMovilV2;$19.54;483,34; 9.443,98 ;19015373
33312803;23/4/2026;megasoft;$5.33;483,34; 2.575,24 ;19014802
33312803;23/4/2026;InstantDebit;$5.83;483,34; 2.818,84 ;19015159
33312803;23/4/2026;megasoft;$6.16;483,34; 2.975,44 ;19012669
35577490;24/4/2026;InstantDebit;$0.85;483,87; 411,29 ;19022815
35577490;24/4/2026;InstantDebit;$1.00;483,87; 483,87 ;19018792
35577490;24/4/2026;megasoft;$6.78;483,87; 3.280,64 ;19019423
134123748;24/4/2026;CreditsPagoMovilV2;$21.60;483,87; 10.451,59 ;19020297
35577490;24/4/2026;InstantDebit;$2.40;483,87; 1.163,22 ;19023010
35577490;24/4/2026;megasoft;$4.00;483,87; 1.935,48 ;19019501
35577490;24/4/2026;InstantDebit;$0.34;483,87; 165,48 ;19015784
134123748;24/4/2026;CreditsPagoMovilV2;$7.74;483,87; 3.745,15 ;19018552
35577490;25/4/2026;megasoft;$1.98;484,74; 959,79 ;19023585
35577490;25/4/2026;punto_de_venta;$3.42;484,74; 1.657,81 ;19030582
302764821;25/4/2026;CreditsPagoMovilV2;$1.65;484,74; 799,82 ;19030262
35577490;25/4/2026;InstantDebit;$8.30;484,74; 4.022,37 ;19025986
35577490;25/4/2026;InstantDebit;$3.98;484,74; 1.927,33 ;19024882
35577490;25/4/2026;InstantDebit;$1.15;484,74; 557,45 ;19030349
35577490;25/4/2026;InstantDebit;$5.49;484,74; 2.661,22 ;19030558
523129706;25/4/2026;CreditsPagoMovilV2;$3.42;484,74; 1.657,81 ;19027527
302764821;25/4/2026;CreditsPagoMovilV2;$6.62;484,74; 3.206,56 ;19030303
35577490;25/4/2026;megasoft;$5.85;484,74; 2.835,73 ;19023294
302764821;25/4/2026;CreditsPagoMovilV2;$19.46;484,74; 9.432,07 ;19030317
523129706;25/4/2026;CreditsPagoMovilV2;$4.75;484,74; 2.302,51 ;19028976
35577490;26/4/2026;InstantDebit;$7.20;484,74; 3.490,13 ;19037275
35577490;26/4/2026;InstantDebit;$14.90;484,74; 7.224,56 ;19033426
35577490;26/4/2026;InstantDebit;$4.37;484,74; 2.120,25 ;19032168
591542382;26/4/2026;CreditsPagoMovilV2;$1.80;484,74; 872,53 ;19032392
591542382;26/4/2026;CreditsPagoMovilV2;$6.36;484,74; 3.082,95 ;19037310
591542382;26/4/2026;CreditsPagoMovilV2;$4.77;484,74; 2.312,21 ;19033573
35577490;26/4/2026;InstantDebit;$17.91;484,74; 8.681,69 ;19037842
35577490;26/4/2026;punto_de_venta;$5.40;484,74; 2.617,60 ;19038270
714885212;26/4/2026;CreditsPagoMovilV2;$3.15;484,74; 1.526,93 ;19038586
35577490;26/4/2026;InstantDebit;$1.44;484,74; 698,03 ;19031802
591542382;26/4/2026;CreditsPagoMovilV2;$2.99;484,74; 1.446,95 ;19033665
35577490;26/4/2026;punto_de_venta;$10.80;484,74; 5.235,19 ;19035505
35577490;26/4/2026;InstantDebit;$5.24;484,74; 2.539,07 ;19038423
35577490;26/4/2026;punto_de_venta;$17.86;484,74; 8.655,52 ;19038235
574182209;27/4/2026;CreditsPagoMovilV2;$2.40;484,74; 1.163,38 ;19041678
36257972;27/4/2026;InstantDebit;$16.20;484,74; 7.852,79 ;19040286
201936078;27/4/2026;CreditsPagoMovilV2;$3.00;484,74; 1.454,22 ;19042727
574182209;27/4/2026;CreditsPagoMovilV2;$2.20;484,74; 1.066,43 ;19038828
36257972;27/4/2026;InstantDebit;$4.86;484,74; 2.355,84 ;19039414
36257972;27/4/2026;megasoft;$3.19;484,74; 1.548,74 ;19039190
574182209;27/4/2026;CreditsPagoMovilV2;$8.79;484,74; 4.262,32 ;19039465
36257972;27/4/2026;InstantDebit;$10.80;484,74; 5.235,19 ;19040386
36257972;27/4/2026;InstantDebit;$20.08;484,74; 9.733,58 ;19039859
574182209;27/4/2026;CreditsPagoMovilV2;$1.89;484,74; 916,16 ;19040893
36985927;28/4/2026;InstantDebit;$7.86;485,23; 3.815,36 ;19043621
36985927;28/4/2026;punto_de_venta;$7.32;485,23; 3.550,43 ;19047305
36985927;28/4/2026;megasoft;$10.98;485,23; 5.327,83 ;19048441
36985927;28/4/2026;megasoft;$24.30;485,23; 11.791,09 ;19046146
36985927;28/4/2026;InstantDebit;$21.95;485,23; 10.651,28 ;19043300
36985927;28/4/2026;megasoft;$3.95;485,23; 1.917,87 ;19043346
873376426;28/4/2026;CreditsPagoMovilV2;$6.29;485,23; 3.052,58 ;19049153
873376426;28/4/2026;CreditsPagoMovilV2;$4.94;485,23; 2.397,52 ;19048923
447757244;28/4/2026;CreditsPagoMovilV2;$11.69;485,23; 5.672,82 ;19047933
197705287;29/4/2026;CreditsPagoMovilV2;$5.00;486,2; 2.428,57 ;19052313
37663506;29/4/2026;InstantDebit;$3.24;486,2; 1.575,29 ;19054512
197705287;29/4/2026;CreditsPagoMovilV2;$21.85;486,2; 10.623,47 ;19052901
37663506;29/4/2026;InstantDebit;$18.09;486,2; 8.795,36 ;19052073
37663506;29/4/2026;megasoft;$8.14;486,2; 3.955,72 ;19050915
37663506;29/4/2026;megasoft;$6.43;486,2; 3.126,22 ;19054901
455861626;29/4/2026;CreditsPagoMovilV2;$1.54;486,2; 748,26 ;19055074
40554632;30/4/2026;megasoft;$11.16;487,12; 5.436,26 ;19062667
306132549;30/4/2026;CreditsPagoMovilV2;$3.42;487,12; 1.665,95 ;19057745
40554632;30/4/2026;InstantDebit;$3.69;487,12; 1.797,47 ;19062532
436622294;30/4/2026;CreditsPagoMovilV2;$1.19;487,12; 579,67 ;19062611
40554632;30/4/2026;InstantDebit;$16.20;487,12; 7.891,34 ;19062767
40554632;30/4/2026;InstantDebit;$7.27;487,12; 3.542,34 ;19062440
40554632;30/4/2026;megasoft;$61.06;487,12; 29.745,98 ;19062351
40554632;30/4/2026;megasoft;$6.83;487,12; 3.325,32 ;19055882
40554632;30/4/2026;InstantDebit;$0.97;487,12; 471,53 ;19056931
40554632;30/4/2026;InstantDebit;$5.16;487,12; 2.512,08 ;19057152
40554632;30/4/2026;InstantDebit;$4.63;487,12; 2.253,42 ;19062244
132852667;1/5/2026;CreditsPagoMovilV2;$13.39;489,55; 6.556,05 ;19067126
40554632;1/5/2026;punto_de_venta;$14.81;489,55; 7.247,79 ;19063589
421998945;1/5/2026;CreditsPagoMovilV2;$2.40;489,55; 1.173,94 ;19072511
40554632;1/5/2026;InstantDebit;$1.54;489,55; 756,35 ;19069780
421998945;1/5/2026;CreditsPagoMovilV2;$36.00;489,55; 17.623,80 ;19073730
40554632;1/5/2026;megasoft;$14.22;489,55; 6.961,40 ;19073650
40554632;1/5/2026;punto_de_venta;$3.42;489,55; 1.674,26 ;19066925
40554632;1/5/2026;InstantDebit;$10.66;489,55; 5.216,64 ;19073064
421998945;1/5/2026;CreditsPagoMovilV2;$2.96;489,55; 1.448,09 ;19073431
40554632;1/5/2026;InstantDebit;$36.08;489,55; 17.663,45 ;19072945
40554632;1/5/2026;InstantDebit;$12.48;489,55; 6.111,05 ;19063164
40554632;2/5/2026;megasoft;$2.00;489,55; 978,12 ;19077029
364407312;2/5/2026;CreditsPagoMovilV2;$9.72;489,55; 4.758,43 ;19084554
308399168;2/5/2026;CreditsPagoMovilV2;$1.56;489,55; 763,70 ;19075922
40554632;2/5/2026;InstantDebit;$9.56;489,55; 4.682,06 ;19081295
40554632;2/5/2026;InstantDebit;$0.83;489,55; 403,88 ;19084526
40554632;2/5/2026;InstantDebit;$17.73;489,55; 8.679,72 ;19083554
40554632;2/5/2026;punto_de_venta;$12.18;489,55; 5.961,25 ;19084410
40554632;2/5/2026;InstantDebit;$15.48;489,55; 7.575,79 ;19080218
40554632;2/5/2026;InstantDebit;$4.01;489,55; 1.962,85 ;19075890
40554632;2/5/2026;InstantDebit;$1.16;489,55; 567,88 ;19081860
308399168;2/5/2026;CreditsPagoMovilV2;$14.65;489,55; 7.172,89 ;19078914
40554632;2/5/2026;punto_de_venta;$3.97;489,55; 1.943,02 ;19080738
308399168;2/5/2026;CreditsPagoMovilV2;$3.52;489,55; 1.724,68 ;19078719
40554632;3/5/2026;InstantDebit;$15.56;489,55; 7.617,89 ;19100135
981907063;3/5/2026;CreditsPagoMovilV2;$6.66;489,55; 3.260,40 ;19099919
40554632;3/5/2026;punto_de_venta;$25.34;489,55; 12.402,75 ;19087642
40554632;3/5/2026;megasoft;$2.55;489,55; 1.248,35 ;19085083
40554632;3/5/2026;InstantDebit;$1.13;489,55; 551,72 ;19101139
40554632;3/5/2026;InstantDebit;$4.83;489,55; 2.365,51 ;19100406
40554632;3/5/2026;InstantDebit;$0.73;489,55; 357,37 ;19100412
40554632;3/5/2026;punto_de_venta;$3.69;489,55; 1.806,44 ;19097801
40554632;3/5/2026;InstantDebit;$1.62;489,55; 793,07 ;19101349
40554632;3/5/2026;InstantDebit;$8.83;489,55; 4.322,24 ;19098161
626743905;3/5/2026;CreditsPagoMovilV2;$6.65;489,55; 3.255,51 ;19093410
626743905;3/5/2026;CreditsPagoMovilV2;$10.79;489,55; 5.282,73 ;19087168
981907063;3/5/2026;CreditsPagoMovilV2;$7.38;489,55; 3.612,88 ;19101405
431790382;4/5/2026;CreditsPagoMovilV2;$1.33;489,55; 650,61 ;19103770
41224533;4/5/2026;InstantDebit;$13.94;489,55; 6.824,33 ;19101775
431790382;4/5/2026;CreditsPagoMovilV2;$8.59;489,55; 4.203,28 ;19104730
563709453;4/5/2026;CreditsPagoMovilV2;$26.72;489,55; 13.081,27 ;19106670
563709453;4/5/2026;CreditsPagoMovilV2;$1.62;489,55; 793,07 ;19106957
41224533;4/5/2026;megasoft;$1.35;489,55; 660,89 ;19106335
41929112;5/5/2026;InstantDebit;$2.40;490,04; 1.176,10 ;19113280
390839935;5/5/2026;CreditsPagoMovilV2;$4.86;490,04; 2.381,59 ;19107385
41929112;5/5/2026;InstantDebit;$2.07;490,04; 1.014,38 ;19113307
41929112;5/5/2026;InstantDebit;$8.26;490,04; 4.048,71 ;19110593
390839935;5/5/2026;CreditsPagoMovilV2;$3.69;490,04; 1.808,25 ;19110439
41929112;5/5/2026;InstantDebit;$1.20;490,04; 588,05 ;19109340
390839935;5/5/2026;CreditsPagoMovilV2;$3.69;490,04; 1.808,25 ;19112529
41929112;5/5/2026;InstantDebit;$4.32;490,04; 2.116,97 ;19110027
390839935;5/5/2026;CreditsPagoMovilV2;$3.69;490,04; 1.808,25 ;19111539
189009149;6/5/2026;CreditsPagoMovilV2;$13.39;493,38; 6.607,34 ;19118073
42637831;6/5/2026;punto_de_venta;$4.71;493,38; 2.323,82 ;19117923
42637831;6/5/2026;punto_de_venta;$9.29;493,38; 4.582,51 ;19116838
42637831;6/5/2026;InstantDebit;$1.01;493,38; 499,79 ;19114323
189009149;6/5/2026;CreditsPagoMovilV2;$0.87;493,38; 429,24 ;19115518
42637831;6/5/2026;InstantDebit;$6.46;493,38; 3.188,22 ;19117440
42637831;6/5/2026;megasoft;$7.65;493,38; 3.774,36 ;19113877
42637831;6/5/2026;InstantDebit;$6.48;493,38; 3.197,10 ;19113816
42637831;6/5/2026;megasoft;$3.02;493,38; 1.490,01 ;19113806
42637831;6/5/2026;InstantDebit;$3.69;493,38; 1.820,57 ;19119428
189009149;6/5/2026;CreditsPagoMovilV2;$14.40;493,38; 7.104,67 ;19116988
189009149;6/5/2026;CreditsPagoMovilV2;$3.69;493,38; 1.820,57 ;19113903
189009149;6/5/2026;CreditsPagoMovilV2;$0.62;493,38; 305,90 ;19114359
42637831;6/5/2026;punto_de_venta;$9.52;493,38; 4.697,96 ;19118041
42637831;6/5/2026;megasoft;$4.95;493,38; 2.442,23 ;19119085
42637831;6/5/2026;InstantDebit;$7.56;493,38; 3.729,95 ;19115766
490605474;7/5/2026;CreditsPagoMovilV2;$6.79;496,83; 3.371,49 ;19119520
43302224;7/5/2026;InstantDebit;$3.60;496,83; 1.788,59 ;19122204
43302224;7/5/2026;megasoft;$41.76;496,83; 20.747,62 ;19125418
43302224;7/5/2026;punto_de_venta;$39.58;496,83; 19.665,53 ;19125446
43302224;7/5/2026;megasoft;$7.38;496,83; 3.666,61 ;19122765
43302224;7/5/2026;megasoft;$7.20;496,83; 3.577,18 ;19123623
45298210;8/5/2026;InstantDebit;$11.42;499,86; 5.708,90 ;19131938
45298210;8/5/2026;InstantDebit;$7.78;499,86; 3.891,41 ;19130821
23086796;8/5/2026;CreditsPagoMovilV2;$35.12;499,86; 17.554,08 ;19132629
45298210;8/5/2026;InstantDebit;$1.00;499,86; 499,86 ;19129025
45298210;8/5/2026;megasoft;$17.99;499,86; 8.992,98 ;19134195
45298210;8/5/2026;InstantDebit;$3.24;499,86; 1.619,55 ;19128152
819372788;8/5/2026;CreditsPagoMovilV2;$13.39;499,86; 6.694,13 ;19134009
45298210;8/5/2026;InstantDebit;$9.78;499,86; 4.890,13 ;19131100
45298210;8/5/2026;punto_de_venta;$3.60;499,86; 1.799,50 ;19131306
45298210;9/5/2026;megasoft;$6.31;500,46; 3.157,40 ;19136440
45298210;9/5/2026;megasoft;$5.18;500,46; 2.592,38 ;19140264
45298210;9/5/2026;megasoft;$3.56;500,46; 1.781,64 ;19141868
45298210;9/5/2026;InstantDebit;$24.30;500,46; 12.161,18 ;19141902
45298210;9/5/2026;InstantDebit;$21.85;500,46; 10.932,55 ;19138724
560279689;9/5/2026;CreditsPagoMovilV2;$1.75;500,46; 876,81 ;19140344
45298210;9/5/2026;megasoft;$14.17;500,46; 7.091,52 ;19139402
45298210;9/5/2026;InstantDebit;$6.00;500,46; 3.002,76 ;19137526
45298210;9/5/2026;InstantDebit;$5.26;500,46; 2.634,92 ;19138487
45298210;9/5/2026;megasoft;$2.25;500,46; 1.125,28 ;19141393
45298210;9/5/2026;InstantDebit;$10.44;500,46; 5.224,80 ;19136144
140906222;9/5/2026;CreditsPagoMovilV2;$40.77;500,46; 20.403,75 ;19141806
45298210;10/5/2026;InstantDebit;$3.44;500,46; 1.721,58 ;19144195
553629742;10/5/2026;CreditsPagoMovilV2;$5.33;500,46; 2.666,45 ;19152014
45298210;10/5/2026;megasoft;$7.52;500,46; 3.763,46 ;19153483
45298210;10/5/2026;InstantDebit;$3.60;500,46; 1.801,16 ;19153313
45298210;10/5/2026;InstantDebit;$1.92;500,46; 961,38 ;19143581
45298210;10/5/2026;InstantDebit;$6.91;500,46; 3.459,18 ;19151403
45298210;10/5/2026;InstantDebit;$2.10;500,46; 1.049,97 ;19152861
45298210;10/5/2026;megasoft;$4.95;500,46; 2.477,28 ;19154082
45298210;10/5/2026;InstantDebit;$6.30;500,46; 3.152,90 ;19146867
45298210;10/5/2026;megasoft;$4.14;500,46; 2.073,41 ;19147484
45298210;10/5/2026;InstantDebit;$6.98;500,46; 3.491,21 ;19143749
45298210;10/5/2026;InstantDebit;$7.20;500,46; 3.603,31 ;19150783
45298210;10/5/2026;megasoft;$7.51;500,46; 3.756,45 ;19153453
45298210;10/5/2026;InstantDebit;$14.04;500,46; 7.026,46 ;19142835
244252210;10/5/2026;CreditsPagoMovilV2;$2.70;500,46; 1.351,24 ;19153813
553629742;10/5/2026;CreditsPagoMovilV2;$6.65;500,46; 3.328,06 ;19152811
45298210;10/5/2026;megasoft;$5.04;500,46; 2.522,32 ;19146845
45298210;10/5/2026;megasoft;$10.79;500,46; 5.400,46 ;19153487
45901892;11/5/2026;InstantDebit;$13.02;500,46; 6.513,49 ;19159025
45901892;11/5/2026;megasoft;$3.62;500,46; 1.812,17 ;19159459
507666499;11/5/2026;CreditsPagoMovilV2;$2.14;500,46; 1.071,99 ;19157769
45901892;11/5/2026;InstantDebit;$6.84;500,46; 3.423,15 ;19158229
507666499;11/5/2026;CreditsPagoMovilV2;$5.76;500,46; 2.882,65 ;19157013
45901892;11/5/2026;megasoft;$30.24;500,46; 15.133,91 ;19158219
45901892;11/5/2026;InstantDebit;$5.00;500,46; 2.499,80 ;19159632
45901892;11/5/2026;InstantDebit;$8.07;500,46; 4.040,21 ;19159226
46549924;12/5/2026;InstantDebit;$8.13;504,91; 4.103,40 ;19161767
2238023;12/5/2026;CreditsPagoMovilV2;$4.74;504,91; 2.394,79 ;19164901
952620199;12/5/2026;CreditsPagoMovilV2;$19.08;504,91; 9.633,68 ;19162159
2238023;12/5/2026;CreditsPagoMovilV2;$5.59;504,91; 2.822,45 ;19164808
46549924;12/5/2026;megasoft;$5.31;504,91; 2.681,07 ;19165624
952620199;12/5/2026;CreditsPagoMovilV2;$5.60;504,91; 2.826,99 ;19163939
260560249;13/5/2026;CreditsPagoMovilV2;$12.15;508,6; 6.179,49 ;19170123
47318252;13/5/2026;punto_de_venta;$3.15;508,6; 1.602,09 ;19170551
734782796;13/5/2026;CreditsPagoMovilV2;$21.06;508,6; 10.711,12 ;19170550
260560249;13/5/2026;CreditsPagoMovilV2;$3.69;508,6; 1.876,73 ;19167255
47318252;13/5/2026;megasoft;$12.21;508,6; 6.211,53 ;19170891
47318252;13/5/2026;InstantDebit;$3.69;508,6; 1.876,73 ;19170604
47318252;13/5/2026;InstantDebit;$36.00;508,6; 18.309,60 ;19171195
47318252;13/5/2026;InstantDebit;$10.44;508,6; 5.309,78 ;19165872
47318252;13/5/2026;megasoft;$19.48;508,6; 9.905,49 ;19169053
47318252;13/5/2026;InstantDebit;$32.39;508,6; 16.474,06 ;19169606
47318252;13/5/2026;megasoft;$2.24;508,6; 1.139,77 ;19165883
47318252;13/5/2026;InstantDebit;$11.80;508,6; 6.000,97 ;19170973
47318252;13/5/2026;InstantDebit;$12.11;508,6; 6.161,18 ;19170488
47318252;13/5/2026;InstantDebit;$1.83;508,6; 928,20 ;19168909
47318252;13/5/2026;InstantDebit;$1.73;508,6; 879,37 ;19165963
47318252;13/5/2026;InstantDebit;$11.98;508,6; 6.092,52 ;19165827
260560249;13/5/2026;CreditsPagoMovilV2;$32.22;508,6; 16.387,09 ;19165744
47318252;13/5/2026;InstantDebit;$47.59;508,6; 24.205,29 ;19165955
82948034770;14/5/2026;megasoft;$10.79;510,79; 5.511,93 ;19177348
82948034770;14/5/2026;InstantDebit;$21.72;510,79; 11.092,83 ;19177397
82948034770;14/5/2026;megasoft;$14.40;510,79; 7.355,38 ;19175619
798370251;14/5/2026;CreditsPagoMovilV2;$7.28;510,79; 3.718,55 ;19177635
51292350;15/5/2026;punto_de_venta;$3.69;515,18; 1.901,01 ;19185125
767442950;15/5/2026;CreditsPagoMovilV2;$44.51;515,18; 22.932,72 ;19187254
767442950;15/5/2026;CreditsPagoMovilV2;$6.84;515,18; 3.523,83 ;19187600
51292350;15/5/2026;megasoft;$19.70;510,79; 10.063,07 ;19178021
767442950;15/5/2026;CreditsPagoMovilV2;$3.42;515,18; 1.761,92 ;19186547
51292350;15/5/2026;punto_de_venta;$3.83;510,79; 1.958,37 ;19178023
775189175;15/5/2026;CreditsPagoMovilV2;$4.33;515,18; 2.230,73 ;19183091
767442950;15/5/2026;CreditsPagoMovilV2;$1.61;515,18; 829,44 ;19186238
51292350;15/5/2026;megasoft;$5.22;515,18; 2.689,24 ;19187453
350323084;16/5/2026;CreditsPagoMovilV2;$73.08;517,96; 37.852,52 ;19196607
51292350;16/5/2026;InstantDebit;$7.20;517,96; 3.729,31 ;19193325
558175678;16/5/2026;CreditsPagoMovilV2;$3.15;517,96; 1.631,57 ;19194940
51292350;16/5/2026;megasoft;$4.95;517,96; 2.563,90 ;19188616
558175678;16/5/2026;CreditsPagoMovilV2;$3.69;517,96; 1.911,27 ;19188130
350323084;16/5/2026;CreditsPagoMovilV2;$2.69;517,96; 1.393,31 ;19197059
350323084;16/5/2026;CreditsPagoMovilV2;$7.79;517,96; 4.034,91 ;19196256
350323084;16/5/2026;CreditsPagoMovilV2;$12.24;517,96; 6.339,83 ;19197445
51292350;16/5/2026;InstantDebit;$5.16;517,96; 2.671,12 ;19197284
51292350;16/5/2026;InstantDebit;$5.77;517,96; 2.988,11 ;19195095
415968336;17/5/2026;CreditsPagoMovilV2;$25.23;517,96; 13.066,58 ;19204432
438804548;17/5/2026;CreditsPagoMovilV2;$3.15;517,96; 1.631,57 ;19205670
51292350;17/5/2026;punto_de_venta;$12.15;517,96; 6.293,21 ;19206366
415968336;17/5/2026;CreditsPagoMovilV2;$14.40;517,96; 7.458,62 ;19198033
51292350;17/5/2026;megasoft;$1.62;517,96; 839,10 ;19206345
438804548;17/5/2026;CreditsPagoMovilV2;$4.00;517,96; 2.071,84 ;19206399
51292350;17/5/2026;InstantDebit;$3.69;517,96; 1.911,27 ;19204873
51292350;17/5/2026;InstantDebit;$7.99;517,96; 4.139,54 ;19206322
51292350;17/5/2026;InstantDebit;$10.57;517,96; 5.474,84 ;19202737
415968336;17/5/2026;CreditsPagoMovilV2;$1.91;517,96; 990,34 ;19197977
51292350;17/5/2026;InstantDebit;$23.02;517,96; 11.924,48 ;19203361
51292350;17/5/2026;InstantDebit;$49.33;517,96; 25.550,45 ;19203048
51292350;17/5/2026;punto_de_venta;$11.20;517,96; 5.799,08 ;19205585
415968336;17/5/2026;CreditsPagoMovilV2;$6.50;517,96; 3.365,70 ;19204041
51292350;17/5/2026;InstantDebit;$27.52;517,96; 14.255,30 ;19200800
920633597;18/5/2026;CreditsPagoMovilV2;$1.20;517,96; 621,55 ;19206486
920633597;18/5/2026;CreditsPagoMovilV2;$4.16;517,96; 2.154,71 ;19206461
51292350;18/5/2026;InstantDebit;$8.25;517,96; 4.273,69 ;19206398
99604233;18/5/2026;CreditsPagoMovilV2;$24.56;517,96; 12.721,62 ;19211647
51292350;18/5/2026;InstantDebit;$3.23;517,96; 1.671,97 ;19212113
51292350;18/5/2026;InstantDebit;$9.90;517,96; 5.127,80 ;19206775
920633597;18/5/2026;CreditsPagoMovilV2;$7.02;517,96; 3.636,08 ;19206463
920633597;18/5/2026;CreditsPagoMovilV2;$1.46;517,96; 754,67 ;19206954
51292350;18/5/2026;megasoft;$1.35;517,96; 699,25 ;19210124
52037251;19/5/2026;InstantDebit;$7.20;517,96; 3.729,31 ;19214677
52037251;19/5/2026;InstantDebit;$6.60;517,96; 3.416,98 ;19212307
52037251;19/5/2026;InstantDebit;$0.80;517,96; 414,89 ;19213328
52037251;19/5/2026;punto_de_venta;$18.00;517,96; 9.323,28 ;19212284
52813411;20/5/2026;megasoft;$3.80;520,91; 1.977,90 ;19218792
52813411;20/5/2026;megasoft;$4.88;520,91; 2.542,04 ;19224331
615319022;20/5/2026;CreditsPagoMovilV2;$7.15;520,91; 3.727,11 ;19219224
52813411;20/5/2026;InstantDebit;$2.60;520,91; 1.354,89 ;19218895
52813411;20/5/2026;InstantDebit;$15.97;520,91; 8.316,85 ;19218826
52813411;20/5/2026;InstantDebit;$38.34;520,91; 19.971,69 ;19223961
52813411;20/5/2026;InstantDebit;$0.95;520,91; 495,39 ;19221393
52813411;20/5/2026;megasoft;$19.80;520,91; 10.314,02 ;19223732
52813411;20/5/2026;megasoft;$24.15;520,91; 12.578,41 ;19221897
479418276;20/5/2026;CreditsPagoMovilV2;$3.42;520,91; 1.781,51 ;19224118
52813411;20/5/2026;InstantDebit;$1.48;520,91; 768,86 ;19224030
52813411;20/5/2026;InstantDebit;$1.68;520,91; 875,13 ;19222817
883939961;21/5/2026;CreditsPagoMovilV2;$3.69;523,68; 1.932,38 ;19230867
